Parameter,Value
Start Frequency,10.0
End Frequency,100.0
Frequency Duration,1.0
Smooth Transition,True
Pause Duration,1.0
Amplitude,0.95
Frequency Step,10.0
Total Duration,10.0
Gradual Amplitude Increase,False
Amplitude Rise Time,0.5
Amplitude Start,0.1
Amplitude End,0.2
Sample Rate,96000

Sample Number,Timestamp,Sine value,Frequency (Hz)
1,2025-04-09 15:28:54.016,0.0,10.0
481,2025-04-09 15:28:54.021,0.29484,10.05
961,2025-04-09 15:28:54.026,0.56273,10.09
1441,2025-04-09 15:28:54.031,0.77561,10.14
1921,2025-04-09 15:28:54.036,0.90991,10.18
2401,2025-04-09 15:28:54.041,0.94941,10.23
2881,2025-04-09 15:28:54.046,0.8874,10.27
3361,2025-04-09 15:28:54.051,0.72807,10.32
3841,2025-04-09 15:28:54.056,0.48667,10.36
4321,2025-04-09 15:28:54.061,0.18841,10.41
4801,2025-04-09 15:28:54.066,-0.13386,10.45
5281,2025-04-09 15:28:54.071,-0.44308,10.5
5761,2025-04-09 15:28:54.076,-0.70225,10.54
6241,2025-04-09 15:28:54.081,-0.87888,10.59
6721,2025-04-09 15:28:54.086,-0.94935,10.63
7201,2025-04-09 15:28:54.091,-0.90234,10.68
7681,2025-04-09 15:28:54.096,-0.74104,10.72
8161,2025-04-09 15:28:54.101,-0.48346,10.77
8641,2025-04-09 15:28:54.106,-0.16098,10.81
9121,2025-04-09 15:28:54.111,0.18519,10.86
9601,2025-04-09 15:28:54.116,0.50904,10.9
10081,2025-04-09 15:28:54.121,0.76584,10.95
10561,2025-04-09 15:28:54.126,0.9185,10.99
11041,2025-04-09 15:28:54.131,0.94322,11.04
11521,2025-04-09 15:28:54.136,0.83364,11.08
12001,2025-04-09 15:28:54.141,0.60267,11.13
12481,2025-04-09 15:28:54.146,0.28162,11.17
12961,2025-04-09 15:28:54.151,-0.08361,11.22
13441,2025-04-09 15:28:54.156,-0.43872,11.26
13921,2025-04-09 15:28:54.161,-0.72903,11.31
14401,2025-04-09 15:28:54.166,-0.908,11.35
14881,2025-04-09 15:28:54.171,-0.94507,11.4
15361,2025-04-09 15:28:54.176,-0.83134,11.44
15841,2025-04-09 15:28:54.181,-0.58214,11.49
16321,2025-04-09 15:28:54.186,-0.23568,11.53
16801,2025-04-09 15:28:54.191,0.1523,11.58
17281,2025-04-09 15:28:54.196,0.51707,11.62
17761,2025-04-09 15:28:54.201,0.79573,11.67
18241,2025-04-09 15:28:54.206,0.93821,11.71
18721,2025-04-09 15:28:54.211,0.91676,11.76
19201,2025-04-09 15:28:54.216,0.73199,11.8
19681,2025-04-09 15:28:54.221,0.41405,11.85
20161,2025-04-09 15:28:54.226,0.0185,11.89
20641,2025-04-09 15:28:54.231,-0.3829,11.94
21121,2025-04-09 15:28:54.236,-0.71497,11.98
21601,2025-04-09 15:28:54.241,-0.91331,12.03
22081,2025-04-09 15:28:54.246,-0.93725,12.07
22561,2025-04-09 15:28:54.251,-0.77887,12.12
23041,2025-04-09 15:28:54.256,-0.46601,12.16
23521,2025-04-09 15:28:54.261,-0.05831,12.21
24001,2025-04-09 15:28:54.266,0.36355,12.25
24481,2025-04-09 15:28:54.271,0.7135,12.3
24961,2025-04-09 15:28:54.276,0.91773,12.34
25441,2025-04-09 15:28:54.281,0.93083,12.39
25921,2025-04-09 15:28:54.286,0.7466,12.43
26401,2025-04-09 15:28:54.291,0.40111,12.48
26881,2025-04-09 15:28:54.296,-0.03342,12.52
27361,2025-04-09 15:28:54.301,-0.46302,12.57
27841,2025-04-09 15:28:54.306,-0.79205,12.61
28321,2025-04-09 15:28:54.311,-0.94473,12.66
28801,2025-04-09 15:28:54.316,-0.88329,12.7
29281,2025-04-09 15:28:54.321,-0.61822,12.75
29761,2025-04-09 15:28:54.326,-0.20781,12.79
30241,2025-04-09 15:28:54.331,0.25371,12.84
30721,2025-04-09 15:28:54.336,0.65725,12.88
31201,2025-04-09 15:28:54.341,0.90465,12.93
31681,2025-04-09 15:28:54.346,0.93306,12.97
32161,2025-04-09 15:28:54.351,0.73189,13.02
32641,2025-04-09 15:28:54.356,0.34749,13.06
33121,2025-04-09 15:28:54.361,-0.12632,13.11
33601,2025-04-09 15:28:54.366,-0.5704,13.15
34081,2025-04-09 15:28:54.371,-0.87002,13.2
34561,2025-04-09 15:28:54.376,-0.94496,13.24
35041,2025-04-09 15:28:54.381,-0.77197,13.29
35521,2025-04-09 15:28:54.386,-0.39311,13.33
36001,2025-04-09 15:28:54.391,0.09312,13.38
36481,2025-04-09 15:28:54.396,0.55647,13.42
36961,2025-04-09 15:28:54.401,0.86954,13.47
37441,2025-04-09 15:28:54.406,0.94331,13.51
37921,2025-04-09 15:28:54.411,0.75347,13.56
38401,2025-04-09 15:28:54.416,0.34971,13.6
38881,2025-04-09 15:28:54.421,-0.15584,13.65
39361,2025-04-09 15:28:54.426,-0.6188,13.69
39841,2025-04-09 15:28:54.431,-0.90355,13.74
40321,2025-04-09 15:28:54.436,-0.92361,13.78
40801,2025-04-09 15:28:54.441,-0.6691,13.83
41281,2025-04-09 15:28:54.446,-0.21247,13.87
41761,2025-04-09 15:28:54.451,0.31069,13.92
42241,2025-04-09 15:28:54.456,0.74104,13.96
42721,2025-04-09 15:28:54.461,0.94408,14.01
43201,2025-04-09 15:28:54.466,0.85312,14.05
43681,2025-04-09 15:28:54.471,0.49267,14.1
44161,2025-04-09 15:28:54.476,-0.02627,14.14
44641,2025-04-09 15:28:54.481,-0.53904,14.19
45121,2025-04-09 15:28:54.486,-0.87905,14.23
45601,2025-04-09 15:28:54.491,-0.93246,14.28
46081,2025-04-09 15:28:54.496,-0.67763,14.32
46561,2025-04-09 15:28:54.501,-0.19541,14.37
47041,2025-04-09 15:28:54.506,0.35472,14.41
47521,2025-04-09 15:28:54.511,0.78649,14.46
48001,2025-04-09 15:28:54.516,0.95,14.5
48481,2025-04-09 15:28:54.521,0.78496,14.55
48961,2025-04-09 15:28:54.526,0.3447,14.59
49441,2025-04-09 15:28:54.531,-0.21903,14.64
49921,2025-04-09 15:28:54.536,-0.70706,14.68
50401,2025-04-09 15:28:54.541,-0.94297,14.73
50881,2025-04-09 15:28:54.546,-0.83789,14.77
51361,2025-04-09 15:28:54.551,-0.42582,14.82
51841,2025-04-09 15:28:54.556,0.14509,14.86
52321,2025-04-09 15:28:54.561,0.66423,14.91
52801,2025-04-09 15:28:54.566,0.93586,14.95
53281,2025-04-09 15:28:54.571,0.85384,15.0
53761,2025-04-09 15:28:54.576,0.44505,15.04
54241,2025-04-09 15:28:54.581,-0.13698,15.09
54721,2025-04-09 15:28:54.586,-0.66795,15.13
55201,2025-04-09 15:28:54.591,-0.93888,15.18
55681,2025-04-09 15:28:54.596,-0.83929,15.22
56161,2025-04-09 15:28:54.601,-0.40434,15.27
56641,2025-04-09 15:28:54.606,0.195,15.31
57121,2025-04-09 15:28:54.611,0.71743,15.36
57601,2025-04-09 15:28:54.616,0.94813,15.4
58081,2025-04-09 15:28:54.621,0.78831,15.45
58561,2025-04-09 15:28:54.626,0.29978,15.49
59041,2025-04-09 15:28:54.631,-0.31634,15.54
59521,2025-04-09 15:28:54.636,-0.80084,15.58
60001,2025-04-09 15:28:54.641,-0.94542,15.63
60481,2025-04-09 15:28:54.646,-0.68386,15.67
60961,2025-04-09 15:28:54.651,-0.12482,15.72
61441,2025-04-09 15:28:54.656,0.49078,15.76
61921,2025-04-09 15:28:54.661,0.89227,15.81
62401,2025-04-09 15:28:54.666,0.89877,15.85
62881,2025-04-09 15:28:54.671,0.50283,15.9
63361,2025-04-09 15:28:54.676,-0.12146,15.94
63841,2025-04-09 15:28:54.681,-0.69264,15.99
64321,2025-04-09 15:28:54.686,-0.94816,16.03
64801,2025-04-09 15:28:54.691,-0.76635,16.08
65281,2025-04-09 15:28:54.696,-0.22697,16.12
65761,2025-04-09 15:28:54.701,0.42078,16.17
66241,2025-04-09 15:28:54.706,0.87164,16.21
66721,2025-04-09 15:28:54.711,0.90848,16.26
67201,2025-04-09 15:28:54.716,0.50901,16.3
67681,2025-04-09 15:28:54.721,-0.13817,16.35
68161,2025-04-09 15:28:54.726,-0.72007,16.39
68641,2025-04-09 15:28:54.731,-0.94998,16.44
69121,2025-04-09 15:28:54.736,-0.71021,16.48
69601,2025-04-09 15:28:54.741,-0.11534,16.53
70081,2025-04-09 15:28:54.746,0.53942,16.57
70561,2025-04-09 15:28:54.751,0.92309,16.62
71041,2025-04-09 15:28:54.756,0.83704,16.66
71521,2025-04-09 15:28:54.761,0.32051,16.71
72001,2025-04-09 15:28:54.766,-0.36358,16.75
72481,2025-04-09 15:28:54.771,-0.86017,16.8
72961,2025-04-09 15:28:54.776,-0.9064,16.84
73441,2025-04-09 15:28:54.781,-0.47312,16.89
73921,2025-04-09 15:28:54.786,0.21367,16.93
74401,2025-04-09 15:28:54.791,0.78784,16.98
74881,2025-04-09 15:28:54.796,0.93773,17.02
75361,2025-04-09 15:28:54.801,0.57739,17.07
75841,2025-04-09 15:28:54.806,-0.10072,17.11
76321,2025-04-09 15:28:54.811,-0.72521,17.16
76801,2025-04-09 15:28:54.816,-0.94812,17.2
77281,2025-04-09 15:28:54.821,-0.64055,17.25
77761,2025-04-09 15:28:54.826,0.02928,17.29
78241,2025-04-09 15:28:54.831,0.68442,17.34
78721,2025-04-09 15:28:54.836,0.94995,17.38
79201,2025-04-09 15:28:54.841,0.66908,17.43
79681,2025-04-09 15:28:54.846,-0.00064,17.47
80161,2025-04-09 15:28:54.851,-0.67188,17.52
80641,2025-04-09 15:28:54.856,-0.95,17.56
81121,2025-04-09 15:28:54.861,-0.66653,17.61
81601,2025-04-09 15:28:54.866,0.01496,17.65
82081,2025-04-09 15:28:54.871,0.68937,17.7
82561,2025-04-09 15:28:54.876,0.94923,17.74
83041,2025-04-09 15:28:54.881,0.63257,17.79
83521,2025-04-09 15:28:54.886,-0.0722,17.83
84001,2025-04-09 15:28:54.891,-0.73439,17.88
84481,2025-04-09 15:28:54.896,-0.9428,17.92
84961,2025-04-09 15:28:54.901,-0.56306,17.97
85441,2025-04-09 15:28:54.906,0.1716,18.01
85921,2025-04-09 15:28:54.911,0.79965,18.06
86401,2025-04-09 15:28:54.916,0.92014,18.1
86881,2025-04-09 15:28:54.921,0.4512,18.15
87361,2025-04-09 15:28:54.926,-0.31002,18.19
87841,2025-04-09 15:28:54.931,-0.87194,18.24
88321,2025-04-09 15:28:54.936,-0.86557,18.28
88801,2025-04-09 15:28:54.941,-0.28997,18.33
89281,2025-04-09 15:28:54.946,0.479,18.37
89761,2025-04-09 15:28:54.951,0.9309,18.42
90241,2025-04-09 15:28:54.956,0.76003,18.46
90721,2025-04-09 15:28:54.961,0.07612,18.51
91201,2025-04-09 15:28:54.966,-0.66115,18.55
91681,2025-04-09 15:28:54.971,-0.94873,18.6
92161,2025-04-09 15:28:54.976,-0.58505,18.64
92641,2025-04-09 15:28:54.981,0.18407,18.69
93121,2025-04-09 15:28:54.986,0.82699,18.73
93601,2025-04-09 15:28:54.991,0.89255,18.78
94081,2025-04-09 15:28:54.996,0.3296,18.82
94561,2025-04-09 15:28:55.001,-0.46827,18.87
95041,2025-04-09 15:28:55.006,-0.93417,18.91
95521,2025-04-09 15:28:55.011,-0.7311,18.96
96001,2025-04-09 15:28:55.016,6e-05,19.0
96481,2025-04-09 15:28:55.021,0.73288,19.05
96961,2025-04-09 15:28:55.026,0.93214,19.09
97441,2025-04-09 15:28:55.031,0.44699,19.14
97921,2025-04-09 15:28:55.036,-0.36966,19.18
98401,2025-04-09 15:28:55.041,-0.91333,19.23
98881,2025-04-09 15:28:55.046,-0.77514,19.27
99361,2025-04-09 15:28:55.051,-0.05348,19.32
99841,2025-04-09 15:28:55.056,0.71027,19.36
100321,2025-04-09 15:28:55.061,0.93509,19.41
100801,2025-04-09 15:28:55.066,0.44448,19.45
101281,2025-04-09 15:28:55.071,-0.3895,19.5
101761,2025-04-09 15:28:55.076,-0.92363,19.54
102241,2025-04-09 15:28:55.081,-0.73941,19.59
102721,2025-04-09 15:28:55.086,0.02453,19.63
103201,2025-04-09 15:28:55.091,0.77079,19.68
103681,2025-04-09 15:28:55.096,0.90781,19.72
104161,2025-04-09 15:28:55.101,0.3216,19.77
104641,2025-04-09 15:28:55.106,-0.52362,19.81
105121,2025-04-09 15:28:55.111,-0.94856,19.86
105601,2025-04-09 15:28:55.116,-0.6055,19.9
106081,2025-04-09 15:28:55.121,0.23184,19.95
106561,2025-04-09 15:28:55.126,0.88088,19.99
107041,2025-04-09 15:28:55.131,0.80518,20.04
107521,2025-04-09 15:28:55.136,0.06196,20.08
108001,2025-04-09 15:28:55.141,-0.7344,20.13
108481,2025-04-09 15:28:55.146,-0.91694,20.17
108961,2025-04-09 15:28:55.151,-0.3272,20.22
109441,2025-04-09 15:28:55.156,0.54093,20.26
109921,2025-04-09 15:28:55.161,0.94999,20.31
110401,2025-04-09 15:28:55.166,0.54619,20.35
110881,2025-04-09 15:28:55.171,-0.32874,20.4
111361,2025-04-09 15:28:55.176,-0.92076,20.44
111841,2025-04-09 15:28:55.181,-0.71246,20.49
112321,2025-04-09 15:28:55.186,0.11973,20.53
112801,2025-04-09 15:28:55.191,0.84818,20.58
113281,2025-04-09 15:28:55.196,0.82781,20.62
113761,2025-04-09 15:28:55.201,0.07133,20.67
114241,2025-04-09 15:28:55.206,-0.75033,20.71
114721,2025-04-09 15:28:55.211,-0.89929,20.76
115201,2025-04-09 15:28:55.216,-0.23618,20.8
115681,2025-04-09 15:28:55.221,0.64262,20.85
116161,2025-04-09 15:28:55.226,0.93645,20.89
116641,2025-04-09 15:28:55.231,0.37159,20.94
117121,2025-04-09 15:28:55.236,-0.53701,20.98
117601,2025-04-09 15:28:55.241,-0.9494,21.03
118081,2025-04-09 15:28:55.246,-0.47785,21.07
118561,2025-04-09 15:28:55.251,0.4421,21.12
119041,2025-04-09 15:28:55.256,0.94748,21.16
119521,2025-04-09 15:28:55.261,0.55724,21.21
120001,2025-04-09 15:28:55.266,-0.36363,21.25
120481,2025-04-09 15:28:55.271,-0.93853,21.3
120961,2025-04-09 15:28:55.276,-0.61281,21.34
121441,2025-04-09 15:28:55.281,0.30512,21.39
121921,2025-04-09 15:28:55.286,0.92855,21.43
122401,2025-04-09 15:28:55.291,0.64753,21.48
122881,2025-04-09 15:28:55.296,-0.26857,21.52
123361,2025-04-09 15:28:55.301,-0.92168,21.57
123841,2025-04-09 15:28:55.306,-0.66362,21.61
124321,2025-04-09 15:28:55.311,0.25494,21.66
124801,2025-04-09 15:28:55.316,0.92018,21.7
125281,2025-04-09 15:28:55.321,0.66223,21.75
125761,2025-04-09 15:28:55.326,-0.26456,21.79
126241,2025-04-09 15:28:55.331,-0.9245,21.84
126721,2025-04-09 15:28:55.336,-0.64325,21.88
127201,2025-04-09 15:28:55.341,0.29721,21.93
127681,2025-04-09 15:28:55.346,0.9333,21.97
128161,2025-04-09 15:28:55.351,0.60536,22.02
128641,2025-04-09 15:28:55.356,-0.35203,22.06
129121,2025-04-09 15:28:55.361,-0.94341,22.11
129601,2025-04-09 15:28:55.366,-0.54617,22.15
130081,2025-04-09 15:28:55.371,0.42726,22.2
130561,2025-04-09 15:28:55.376,0.94976,22.24
131041,2025-04-09 15:28:55.381,0.46267,22.29
131521,2025-04-09 15:28:55.386,-0.51966,22.33
132001,2025-04-09 15:28:55.391,-0.94542,22.38
132481,2025-04-09 15:28:55.396,-0.35184,22.42
132961,2025-04-09 15:28:55.401,0.62395,22.47
133441,2025-04-09 15:28:55.406,0.92174,22.51
133921,2025-04-09 15:28:55.411,0.21164,22.56
134401,2025-04-09 15:28:55.416,-0.73206,22.6
134881,2025-04-09 15:28:55.421,-0.86889,22.65
135361,2025-04-09 15:28:55.426,-0.04225,22.69
135841,2025-04-09 15:28:55.431,0.83262,22.74
136321,2025-04-09 15:28:55.436,0.77683,22.78
136801,2025-04-09 15:28:55.441,-0.15241,22.83
137281,2025-04-09 15:28:55.446,-0.9108,22.87
137761,2025-04-09 15:28:55.451,-0.63696,22.92
138241,2025-04-09 15:28:55.456,0.3631,22.96
138721,2025-04-09 15:28:55.461,0.94887,23.01
139201,2025-04-09 15:28:55.466,0.44443,23.05
139681,2025-04-09 15:28:55.471,-0.57395,23.1
140161,2025-04-09 15:28:55.476,-0.92787,23.14
140641,2025-04-09 15:28:55.481,-0.20114,23.19
141121,2025-04-09 15:28:55.486,0.76192,23.23
141601,2025-04-09 15:28:55.491,0.83063,23.28
142081,2025-04-09 15:28:55.496,-0.0812,23.32
142561,2025-04-09 15:28:55.501,-0.8979,23.37
143041,2025-04-09 15:28:55.506,-0.6463,23.41
143521,2025-04-09 15:28:55.511,0.37864,23.46
144001,2025-04-09 15:28:55.516,0.95,23.5
144481,2025-04-09 15:28:55.521,0.37594,23.55
144961,2025-04-09 15:28:55.526,-0.65432,23.59
145441,2025-04-09 15:28:55.531,-0.88963,23.64
145921,2025-04-09 15:28:55.536,-0.03806,23.68
146401,2025-04-09 15:28:55.541,0.86122,23.73
146881,2025-04-09 15:28:55.546,0.70015,23.77
147361,2025-04-09 15:28:55.551,-0.32767,23.82
147841,2025-04-09 15:28:55.556,-0.94942,23.86
148321,2025-04-09 15:28:55.561,-0.38687,23.91
148801,2025-04-09 15:28:55.566,0.66121,23.95
149281,2025-04-09 15:28:55.571,0.87826,24.0
149761,2025-04-09 15:28:55.576,-0.01446,24.04
150241,2025-04-09 15:28:55.581,-0.88982,24.09
150721,2025-04-09 15:28:55.586,-0.63216,24.13
151201,2025-04-09 15:28:55.591,0.43474,24.18
151681,2025-04-09 15:28:55.596,0.94418,24.22
152161,2025-04-09 15:28:55.601,0.23597,24.27
152641,2025-04-09 15:28:55.606,-0.77869,24.31
153121,2025-04-09 15:28:55.611,-0.78151,24.36
153601,2025-04-09 15:28:55.616,0.23639,24.4
154081,2025-04-09 15:28:55.621,0.94535,24.45
154561,2025-04-09 15:28:55.626,0.41029,24.49
155041,2025-04-09 15:28:55.631,-0.66773,24.54
155521,2025-04-09 15:28:55.636,-0.86054,24.58
156001,2025-04-09 15:28:55.641,0.09326,24.63
156481,2025-04-09 15:28:55.646,0.92323,24.67
156961,2025-04-09 15:28:55.651,0.51381,24.72
157441,2025-04-09 15:28:55.656,-0.58896,24.76
157921,2025-04-09 15:28:55.661,-0.89534,24.81
158401,2025-04-09 15:28:55.666,0.01507,24.85
158881,2025-04-09 15:28:55.671,0.90578,24.9
159361,2025-04-09 15:28:55.676,0.55634,24.94
159841,2025-04-09 15:28:55.681,-0.55864,24.99
160321,2025-04-09 15:28:55.686,-0.90327,25.03
160801,2025-04-09 15:28:55.691,0.00389,25.08
161281,2025-04-09 15:28:55.696,0.90646,25.12
161761,2025-04-09 15:28:55.701,0.54356,25.17
162241,2025-04-09 15:28:55.706,-0.58192,25.21
162721,2025-04-09 15:28:55.711,-0.88919,25.26
163201,2025-04-09 15:28:55.716,0.05981,25.3
163681,2025-04-09 15:28:55.721,0.92479,25.35
164161,2025-04-09 15:28:55.726,0.47365,25.39
164641,2025-04-09 15:28:55.731,-0.65489,25.44
165121,2025-04-09 15:28:55.736,-0.84475,25.48
165601,2025-04-09 15:28:55.741,0.18184,25.53
166081,2025-04-09 15:28:55.746,0.94639,25.57
166561,2025-04-09 15:28:55.751,0.33829,25.62
167041,2025-04-09 15:28:55.756,-0.76301,25.66
167521,2025-04-09 15:28:55.761,-0.74972,25.71
168001,2025-04-09 15:28:55.766,0.36371,25.75
168481,2025-04-09 15:28:55.771,0.94232,25.8
168961,2025-04-09 15:28:55.776,0.12836,25.84
169441,2025-04-09 15:28:55.781,-0.87666,25.89
169921,2025-04-09 15:28:55.786,-0.57692,25.93
170401,2025-04-09 15:28:55.791,0.58534,25.98
170881,2025-04-09 15:28:55.796,0.87037,26.02
171361,2025-04-09 15:28:55.801,-0.15483,26.07
171841,2025-04-09 15:28:55.806,-0.9468,26.11
172321,2025-04-09 15:28:55.811,-0.30345,26.16
172801,2025-04-09 15:28:55.816,0.80221,26.2
173281,2025-04-09 15:28:55.821,0.68323,26.25
173761,2025-04-09 15:28:55.826,-0.48323,26.29
174241,2025-04-09 15:28:55.831,-0.90702,26.34
174721,2025-04-09 15:28:55.836,0.06936,26.38
175201,2025-04-09 15:28:55.841,0.93891,26.43
175681,2025-04-09 15:28:55.846,0.34899,26.47
176161,2025-04-09 15:28:55.851,-0.78592,26.52
176641,2025-04-09 15:28:55.856,-0.69075,26.56
177121,2025-04-09 15:28:55.861,0.49003,26.61
177601,2025-04-09 15:28:55.866,0.89872,26.65
178081,2025-04-09 15:28:55.871,-0.11467,26.7
178561,2025-04-09 15:28:55.876,-0.94655,26.74
179041,2025-04-09 15:28:55.881,-0.27044,26.79
179521,2025-04-09 15:28:55.886,0.83855,26.83
180001,2025-04-09 15:28:55.891,0.60252,26.88
180481,2025-04-09 15:28:55.896,-0.60386,26.92
180961,2025-04-09 15:28:55.901,-0.83518,26.97
181441,2025-04-09 15:28:55.906,0.28751,27.01
181921,2025-04-09 15:28:55.911,0.94305,27.06
182401,2025-04-09 15:28:55.916,0.05945,27.1
182881,2025-04-09 15:28:55.921,-0.92199,27.15
183361,2025-04-09 15:28:55.926,-0.38858,27.19
183841,2025-04-09 15:28:55.931,0.78593,27.24
184321,2025-04-09 15:28:55.936,0.66054,27.28
184801,2025-04-09 15:28:55.941,-0.56158,27.33
185281,2025-04-09 15:28:55.946,-0.84879,27.37
185761,2025-04-09 15:28:55.951,0.28253,27.42
186241,2025-04-09 15:28:55.956,0.94058,27.46
186721,2025-04-09 15:28:55.961,0.01635,27.51
187201,2025-04-09 15:28:55.966,-0.93589,27.55
187681,2025-04-09 15:28:55.971,-0.30342,27.6
188161,2025-04-09 15:28:55.976,0.84492,27.64
188641,2025-04-09 15:28:55.981,0.55326,27.69
189121,2025-04-09 15:28:55.986,-0.68486,27.73
189601,2025-04-09 15:28:55.991,-0.74822,27.78
190081,2025-04-09 15:28:55.996,0.47657,27.82
190561,2025-04-09 15:28:56.001,0.87868,27.87
191041,2025-04-09 15:28:56.006,-0.24167,27.91
191521,2025-04-09 15:28:56.011,-0.94231,27.96
192001,2025-04-09 15:28:56.016,0.00022,28.0
192481,2025-04-09 15:28:56.021,0.9427,28.05
192961,2025-04-09 15:28:56.026,0.23083,28.09
193441,2025-04-09 15:28:56.031,-0.88775,28.14
193921,2025-04-09 15:28:56.036,-0.43852,28.18
194401,2025-04-09 15:28:56.041,0.78795,28.23
194881,2025-04-09 15:28:56.046,0.61407,28.27
195361,2025-04-09 15:28:56.051,-0.65493,28.32
195841,2025-04-09 15:28:56.056,-0.75269,28.36
196321,2025-04-09 15:28:56.061,0.50026,28.41
196801,2025-04-09 15:28:56.066,0.85302,28.45
197281,2025-04-09 15:28:56.071,-0.33449,28.5
197761,2025-04-09 15:28:56.076,-0.91642,28.54
198241,2025-04-09 15:28:56.081,0.16665,28.59
198721,2025-04-09 15:28:56.086,0.94625,28.63
199201,2025-04-09 15:28:56.091,-0.00397,28.68
199681,2025-04-09 15:28:56.096,-0.94714,28.72
200161,2025-04-09 15:28:56.101,-0.14823,28.77
200641,2025-04-09 15:28:56.106,0.92436,28.81
201121,2025-04-09 15:28:56.111,0.28637,28.86
201601,2025-04-09 15:28:56.116,-0.88338,28.9
202081,2025-04-09 15:28:56.121,-0.40845,28.95
202561,2025-04-09 15:28:56.126,0.82943,28.99
203041,2025-04-09 15:28:56.131,0.51373,29.04
203521,2025-04-09 15:28:56.136,-0.76731,29.08
204001,2025-04-09 15:28:56.141,-0.60248,29.13
204481,2025-04-09 15:28:56.146,0.70121,29.17
204961,2025-04-09 15:28:56.151,0.67567,29.22
205441,2025-04-09 15:28:56.156,-0.63468,29.26
205921,2025-04-09 15:28:56.161,-0.73476,29.31
206401,2025-04-09 15:28:56.166,0.57061,29.35
206881,2025-04-09 15:28:56.171,0.78145,29.4
207361,2025-04-09 15:28:56.176,-0.51127,29.44
207841,2025-04-09 15:28:56.181,-0.8175,29.49
208321,2025-04-09 15:28:56.186,0.45842,29.53
208801,2025-04-09 15:28:56.191,0.84463,29.58
209281,2025-04-09 15:28:56.196,-0.41335,29.62
209761,2025-04-09 15:28:56.201,-0.86443,29.67
210241,2025-04-09 15:28:56.206,0.37699,29.71
210721,2025-04-09 15:28:56.211,0.87821,29.76
211201,2025-04-09 15:28:56.216,-0.34997,29.8
211681,2025-04-09 15:28:56.221,-0.88704,29.85
212161,2025-04-09 15:28:56.226,0.3327,29.89
212641,2025-04-09 15:28:56.231,0.89165,29.94
213121,2025-04-09 15:28:56.236,-0.32543,29.98
213601,2025-04-09 15:28:56.241,-0.89247,30.03
214081,2025-04-09 15:28:56.246,0.32823,30.07
214561,2025-04-09 15:28:56.251,0.88957,30.12
215041,2025-04-09 15:28:56.256,-0.34108,30.16
215521,2025-04-09 15:28:56.261,-0.88269,30.21
216001,2025-04-09 15:28:56.266,0.36381,30.25
216481,2025-04-09 15:28:56.271,0.87122,30.3
216961,2025-04-09 15:28:56.276,-0.39609,30.34
217441,2025-04-09 15:28:56.281,-0.85424,30.39
217921,2025-04-09 15:28:56.286,0.43739,30.43
218401,2025-04-09 15:28:56.291,0.83055,30.48
218881,2025-04-09 15:28:56.296,-0.48692,30.52
219361,2025-04-09 15:28:56.301,-0.79866,30.57
219841,2025-04-09 15:28:56.306,0.54356,30.61
220321,2025-04-09 15:28:56.311,0.75692,30.66
220801,2025-04-09 15:28:56.316,-0.60578,30.7
221281,2025-04-09 15:28:56.321,-0.70355,30.75
221761,2025-04-09 15:28:56.326,0.67154,30.79
222241,2025-04-09 15:28:56.331,0.63682,30.84
222721,2025-04-09 15:28:56.336,-0.73823,30.88
223201,2025-04-09 15:28:56.341,-0.55513,30.93
223681,2025-04-09 15:28:56.346,0.80259,30.97
224161,2025-04-09 15:28:56.351,0.45727,31.02
224641,2025-04-09 15:28:56.356,-0.86073,31.06
225121,2025-04-09 15:28:56.361,-0.34262,31.11
225601,2025-04-09 15:28:56.366,0.90809,31.15
226081,2025-04-09 15:28:56.371,0.21145,31.2
226561,2025-04-09 15:28:56.376,-0.93962,31.24
227041,2025-04-09 15:28:56.381,-0.06515,31.29
227521,2025-04-09 15:28:56.386,0.94991,31.33
228001,2025-04-09 15:28:56.391,-0.09343,31.38
228481,2025-04-09 15:28:56.396,-0.93356,31.42
228961,2025-04-09 15:28:56.401,0.25975,31.47
229441,2025-04-09 15:28:56.406,0.88557,31.51
229921,2025-04-09 15:28:56.411,-0.42745,31.56
230401,2025-04-09 15:28:56.416,-0.80194,31.6
230881,2025-04-09 15:28:56.421,0.58828,31.65
231361,2025-04-09 15:28:56.426,0.68033,31.69
231841,2025-04-09 15:28:56.431,-0.73229,31.74
232321,2025-04-09 15:28:56.436,-0.5208,31.78
232801,2025-04-09 15:28:56.441,0.84829,31.83
233281,2025-04-09 15:28:56.446,0.32654,31.87
233761,2025-04-09 15:28:56.451,-0.92455,31.92
234241,2025-04-09 15:28:56.456,-0.10451,31.96
234721,2025-04-09 15:28:56.461,0.9499,32.01
235201,2025-04-09 15:28:56.466,-0.13419,32.05
235681,2025-04-09 15:28:56.471,-0.91509,32.1
236161,2025-04-09 15:28:56.476,0.37431,32.14
236641,2025-04-09 15:28:56.481,0.8144,32.19
237121,2025-04-09 15:28:56.486,-0.59704,32.23
237601,2025-04-09 15:28:56.491,-0.64734,32.28
238081,2025-04-09 15:28:56.496,0.78119,32.32
238561,2025-04-09 15:28:56.501,0.42018,32.37
239041,2025-04-09 15:28:56.506,-0.90525,32.41
239521,2025-04-09 15:28:56.511,-0.14694,32.46
240001,2025-04-09 15:28:56.516,0.95,32.5
240481,2025-04-09 15:28:56.521,-0.15029,32.55
240961,2025-04-09 15:28:56.526,-0.90172,32.59
241441,2025-04-09 15:28:56.531,0.44234,32.64
241921,2025-04-09 15:28:56.536,0.75552,32.68
242401,2025-04-09 15:28:56.541,-0.69531,32.73
242881,2025-04-09 15:28:56.546,-0.51827,32.77
243361,2025-04-09 15:28:56.551,0.87442,32.82
243841,2025-04-09 15:28:56.556,0.21038,32.86
244321,2025-04-09 15:28:56.561,-0.94915,32.91
244801,2025-04-09 15:28:56.566,0.13422,32.95
245281,2025-04-09 15:28:56.571,0.89919,33.0
245761,2025-04-09 15:28:56.576,-0.47049,33.04
246241,2025-04-09 15:28:56.581,-0.72011,33.09
246721,2025-04-09 15:28:56.586,0.74757,33.13
247201,2025-04-09 15:28:56.591,0.42763,33.18
247681,2025-04-09 15:28:56.596,-0.91658,33.22
248161,2025-04-09 15:28:56.601,-0.05913,33.27
248641,2025-04-09 15:28:56.606,0.94013,33.31
249121,2025-04-09 15:28:56.611,-0.32902,33.36
249601,2025-04-09 15:28:56.616,-0.80191,33.4
250081,2025-04-09 15:28:56.621,0.66874,33.45
250561,2025-04-09 15:28:56.626,0.51425,33.49
251041,2025-04-09 15:28:56.631,-0.89198,33.54
251521,2025-04-09 15:28:56.636,-0.12105,33.58
252001,2025-04-09 15:28:56.641,0.94539,33.63
252481,2025-04-09 15:28:56.646,-0.30583,33.67
252961,2025-04-09 15:28:56.651,-0.80501,33.72
253441,2025-04-09 15:28:56.656,0.67791,33.76
253921,2025-04-09 15:28:56.661,0.48723,33.81
254401,2025-04-09 15:28:56.666,-0.90812,33.85
254881,2025-04-09 15:28:56.671,-0.05196,33.9
255361,2025-04-09 15:28:56.676,0.93265,33.94
255841,2025-04-09 15:28:56.681,-0.40498,33.99
256321,2025-04-09 15:28:56.686,-0.73135,34.03
256801,2025-04-09 15:28:56.691,0.77099,34.08
257281,2025-04-09 15:28:56.696,0.34045,34.12
257761,2025-04-09 15:28:56.701,-0.94464,34.17
258241,2025-04-09 15:28:56.706,0.14842,34.21
258721,2025-04-09 15:28:56.711,0.86634,34.26
259201,2025-04-09 15:28:56.716,-0.60587,34.3
259681,2025-04-09 15:28:56.721,-0.54237,34.35
260161,2025-04-09 15:28:56.726,0.89775,34.39
260641,2025-04-09 15:28:56.731,0.05313,34.44
261121,2025-04-09 15:28:56.736,-0.92624,34.48
261601,2025-04-09 15:28:56.741,0.46129,34.53
262081,2025-04-09 15:28:56.746,0.6668,34.57
262561,2025-04-09 15:28:56.751,-0.83844,34.62
263041,2025-04-09 15:28:56.756,-0.18697,34.66
263521,2025-04-09 15:28:56.761,0.94562,34.71
264001,2025-04-09 15:28:56.766,-0.36394,34.75
264481,2025-04-09 15:28:56.771,-0.73086,34.8
264961,2025-04-09 15:28:56.776,0.79719,34.84
265441,2025-04-09 15:28:56.781,0.253,34.89
265921,2025-04-09 15:28:56.786,-0.94929,34.93
266401,2025-04-09 15:28:56.791,0.32571,34.98
266881,2025-04-09 15:28:56.796,0.74818,35.02
267361,2025-04-09 15:28:56.801,-0.78939,35.07
267841,2025-04-09 15:28:56.806,-0.25371,35.11
268321,2025-04-09 15:28:56.811,0.94871,35.16
268801,2025-04-09 15:28:56.816,-0.35013,35.2
269281,2025-04-09 15:28:56.821,-0.72317,35.25
269761,2025-04-09 15:28:56.826,0.81763,35.29
270241,2025-04-09 15:28:56.831,0.18914,35.34
270721,2025-04-09 15:28:56.836,-0.9412,35.38
271201,2025-04-09 15:28:56.841,0.43501,35.43
271681,2025-04-09 15:28:56.846,0.64956,35.47
272161,2025-04-09 15:28:56.851,-0.8721,35.52
272641,2025-04-09 15:28:56.856,-0.05682,35.56
273121,2025-04-09 15:28:56.861,0.91008,35.61
273601,2025-04-09 15:28:56.866,-0.57076,35.65
274081,2025-04-09 15:28:56.871,-0.51255,35.7
274561,2025-04-09 15:28:56.876,0.929,35.74
275041,2025-04-09 15:28:56.881,-0.14332,35.79
275521,2025-04-09 15:28:56.886,-0.82615,35.83
276001,2025-04-09 15:28:56.891,0.73465,35.88
276481,2025-04-09 15:28:56.896,0.29539,35.92
276961,2025-04-09 15:28:56.901,-0.94845,35.97
277441,2025-04-09 15:28:56.906,0.39896,36.01
277921,2025-04-09 15:28:56.911,0.65334,36.06
278401,2025-04-09 15:28:56.916,-0.88346,36.1
278881,2025-04-09 15:28:56.921,0.00778,36.15
279361,2025-04-09 15:28:56.926,0.87659,36.19
279841,2025-04-09 15:28:56.931,-0.67219,36.24
280321,2025-04-09 15:28:56.936,-0.36256,36.28
280801,2025-04-09 15:28:56.941,0.94999,36.33
281281,2025-04-09 15:28:56.946,-0.3728,36.37
281761,2025-04-09 15:28:56.951,-0.65852,36.42
282241,2025-04-09 15:28:56.956,0.88863,36.46
282721,2025-04-09 15:28:56.961,-0.0436,36.51
283201,2025-04-09 15:28:56.966,-0.85291,36.55
283681,2025-04-09 15:28:56.971,0.7255,36.6
284161,2025-04-09 15:28:56.976,0.26801,36.64
284641,2025-04-09 15:28:56.981,-0.94166,36.69
285121,2025-04-09 15:28:56.986,0.49984,36.73
285601,2025-04-09 15:28:56.991,0.53048,36.78
286081,2025-04-09 15:28:56.996,-0.93704,36.82
286561,2025-04-09 15:28:57.001,0.24842,36.87
287041,2025-04-09 15:28:57.006,0.72823,36.91
287521,2025-04-09 15:28:57.011,-0.86037,36.96
288001,2025-04-09 15:28:57.016,0.0005,37.0
288481,2025-04-09 15:28:57.021,0.8588,37.05
288961,2025-04-09 15:28:57.026,-0.73572,37.09
289441,2025-04-09 15:28:57.031,-0.22403,37.14
289921,2025-04-09 15:28:57.036,0.9288,37.18
290401,2025-04-09 15:28:57.041,-0.58561,37.23
290881,2025-04-09 15:28:57.046,-0.41426,37.27
291361,2025-04-09 15:28:57.051,0.94998,37.32
291841,2025-04-09 15:28:57.056,-0.42856,37.36
292321,2025-04-09 15:28:57.061,-0.56652,37.41
292801,2025-04-09 15:28:57.066,0.93594,37.45
293281,2025-04-09 15:28:57.071,-0.27827,37.5
293761,2025-04-09 15:28:57.076,-0.68227,37.54
294241,2025-04-09 15:28:57.081,0.89996,37.59
294721,2025-04-09 15:28:57.086,-0.14383,37.63
295201,2025-04-09 15:28:57.091,-0.76605,37.68
295681,2025-04-09 15:28:57.096,0.85362,37.72
296161,2025-04-09 15:28:57.101,-0.03052,37.77
296641,2025-04-09 15:28:57.106,-0.82375,37.81
297121,2025-04-09 15:28:57.111,0.80629,37.86
297601,2025-04-09 15:28:57.116,0.05911,37.9
298081,2025-04-09 15:28:57.121,-0.86132,37.95
298561,2025-04-09 15:28:57.126,0.76501,37.99
299041,2025-04-09 15:28:57.131,0.1243,38.04
299521,2025-04-09 15:28:57.136,-0.88396,38.08
300001,2025-04-09 15:28:57.141,0.73471,38.13
300481,2025-04-09 15:28:57.146,0.16514,38.17
300961,2025-04-09 15:28:57.151,-0.89561,38.22
301441,2025-04-09 15:28:57.156,0.71847,38.26
301921,2025-04-09 15:28:57.161,0.18201,38.31
302401,2025-04-09 15:28:57.166,-0.8986,38.35
302881,2025-04-09 15:28:57.171,0.71778,38.4
303361,2025-04-09 15:28:57.176,0.17512,38.44
303841,2025-04-09 15:28:57.181,-0.8936,38.49
304321,2025-04-09 15:28:57.186,0.73273,38.53
304801,2025-04-09 15:28:57.191,0.14437,38.58
305281,2025-04-09 15:28:57.196,-0.87951,38.62
305761,2025-04-09 15:28:57.201,0.76192,38.67
306241,2025-04-09 15:28:57.206,0.08943,38.71
306721,2025-04-09 15:28:57.211,-0.8536,38.76
307201,2025-04-09 15:28:57.216,0.80242,38.8
307681,2025-04-09 15:28:57.221,0.01002,38.85
308161,2025-04-09 15:28:57.226,-0.81157,38.89
308641,2025-04-09 15:28:57.231,0.84948,38.94
309121,2025-04-09 15:28:57.236,-0.09355,38.98
309601,2025-04-09 15:28:57.241,-0.748,39.03
310081,2025-04-09 15:28:57.246,0.89623,39.07
310561,2025-04-09 15:28:57.251,-0.21958,39.12
311041,2025-04-09 15:28:57.256,-0.65682,39.16
311521,2025-04-09 15:28:57.261,0.93353,39.21
312001,2025-04-09 15:28:57.266,-0.3641,39.25
312481,2025-04-09 15:28:57.271,-0.53238,39.3
312961,2025-04-09 15:28:57.276,0.94996,39.34
313441,2025-04-09 15:28:57.281,-0.5197,39.39
313921,2025-04-09 15:28:57.286,-0.3707,39.43
314401,2025-04-09 15:28:57.291,0.93235,39.48
314881,2025-04-09 15:28:57.296,-0.6747,39.52
315361,2025-04-09 15:28:57.301,-0.1714,39.57
315841,2025-04-09 15:28:57.306,0.86705,39.61
316321,2025-04-09 15:28:57.311,-0.81258,39.66
316801,2025-04-09 15:28:57.316,0.06026,39.7
317281,2025-04-09 15:28:57.321,0.74205,39.75
317761,2025-04-09 15:28:57.326,-0.91228,39.79
318241,2025-04-09 15:28:57.331,0.31127,39.84
318721,2025-04-09 15:28:57.336,0.55014,39.88
319201,2025-04-09 15:28:57.341,-0.94999,39.93
319681,2025-04-09 15:28:57.346,0.55938,39.97
320161,2025-04-09 15:28:57.351,0.29283,40.02
320641,2025-04-09 15:28:57.356,-0.90257,40.06
321121,2025-04-09 15:28:57.361,0.77321,40.11
321601,2025-04-09 15:28:57.366,-0.01555,40.15
322081,2025-04-09 15:28:57.371,-0.75309,40.2
322561,2025-04-09 15:28:57.376,0.91475,40.24
323041,2025-04-09 15:28:57.381,-0.34489,40.29
323521,2025-04-09 15:28:57.386,-0.49787,40.33
324001,2025-04-09 15:28:57.391,0.94536,40.38
324481,2025-04-09 15:28:57.396,-0.64904,40.42
324961,2025-04-09 15:28:57.401,-0.15373,40.47
325441,2025-04-09 15:28:57.406,0.83533,40.51
325921,2025-04-09 15:28:57.411,-0.87028,40.56
326401,2025-04-09 15:28:57.416,0.23688,40.6
326881,2025-04-09 15:28:57.421,0.57595,40.65
327361,2025-04-09 15:28:57.426,-0.94983,40.69
327841,2025-04-09 15:28:57.431,0.60617,40.74
328321,2025-04-09 15:28:57.436,0.19142,40.78
328801,2025-04-09 15:28:57.441,-0.84446,40.83
329281,2025-04-09 15:28:57.446,0.86998,40.87
329761,2025-04-09 15:28:57.451,-0.25434,40.92
330241,2025-04-09 15:28:57.456,-0.5462,40.96
330721,2025-04-09 15:28:57.461,0.94715,41.01
331201,2025-04-09 15:28:57.466,-0.6616,41.05
331681,2025-04-09 15:28:57.471,-0.09928,41.1
332161,2025-04-09 15:28:57.476,0.78736,41.14
332641,2025-04-09 15:28:57.481,-0.91415,41.19
333121,2025-04-09 15:28:57.486,0.39481,41.23
333601,2025-04-09 15:28:57.491,0.4005,41.28
334081,2025-04-09 15:28:57.496,-0.91439,41.32
334561,2025-04-09 15:28:57.501,0.79283,41.37
335041,2025-04-09 15:28:57.506,-0.12507,41.41
335521,2025-04-09 15:28:57.511,-0.62672,41.46
336001,2025-04-09 15:28:57.516,0.95,41.5
336481,2025-04-09 15:28:57.521,-0.62977,41.55
336961,2025-04-09 15:28:57.526,-0.11305,41.59
337441,2025-04-09 15:28:57.531,0.77847,41.64
337921,2025-04-09 15:28:57.536,-0.92542,41.68
338401,2025-04-09 15:28:57.541,0.46154,41.73
338881,2025-04-09 15:28:57.546,0.30367,41.77
339361,2025-04-09 15:28:57.551,-0.86914,41.82
339841,2025-04-09 15:28:57.556,0.87072,41.86
340321,2025-04-09 15:28:57.561,-0.31248,41.91
340801,2025-04-09 15:28:57.566,-0.44391,41.95
341281,2025-04-09 15:28:57.571,0.91658,42.0
341761,2025-04-09 15:28:57.576,-0.81007,42.04
342241,2025-04-09 15:28:57.581,0.19641,42.09
342721,2025-04-09 15:28:57.586,0.53783,42.13
343201,2025-04-09 15:28:57.591,-0.9376,42.18
343681,2025-04-09 15:28:57.596,0.76049,42.22
344161,2025-04-09 15:28:57.601,-0.11993,42.27
344641,2025-04-09 15:28:57.606,-0.59155,42.31
345121,2025-04-09 15:28:57.611,0.94499,42.36
345601,2025-04-09 15:28:57.616,-0.73245,42.4
346081,2025-04-09 15:28:57.621,0.08552,42.45
346561,2025-04-09 15:28:57.626,0.61004,42.49
347041,2025-04-09 15:28:57.631,-0.94625,42.54
347521,2025-04-09 15:28:57.636,0.73093,42.58
348001,2025-04-09 15:28:57.641,-0.09385,42.63
348481,2025-04-09 15:28:57.646,-0.59527,42.67
348961,2025-04-09 15:28:57.651,0.94313,42.72
349441,2025-04-09 15:28:57.656,-0.75619,42.76
349921,2025-04-09 15:28:57.661,0.14478,42.81
350401,2025-04-09 15:28:57.666,0.54564,42.85
350881,2025-04-09 15:28:57.671,-0.93163,42.9
351361,2025-04-09 15:28:57.676,0.80379,42.94
351841,2025-04-09 15:28:57.681,-0.23713,42.99
352321,2025-04-09 15:28:57.686,-0.45648,43.03
352801,2025-04-09 15:28:57.691,0.90211,43.08
353281,2025-04-09 15:28:57.696,-0.86392,43.12
353761,2025-04-09 15:28:57.701,0.36714,43.17
354241,2025-04-09 15:28:57.706,0.32165,43.21
354721,2025-04-09 15:28:57.711,-0.83999,43.26
355201,2025-04-09 15:28:57.716,0.92034,43.3
355681,2025-04-09 15:28:57.721,-0.52582,43.35
356161,2025-04-09 15:28:57.726,-0.13664,43.39
356641,2025-04-09 15:28:57.731,0.72758,43.44
357121,2025-04-09 15:28:57.736,-0.94966,43.48
357601,2025-04-09 15:28:57.741,0.6956,43.53
358081,2025-04-09 15:28:57.746,-0.09671,43.57
358561,2025-04-09 15:28:57.751,-0.54793,43.62
359041,2025-04-09 15:28:57.756,0.9223,43.66
359521,2025-04-09 15:28:57.761,-0.84742,43.71
360001,2025-04-09 15:28:57.766,0.36428,43.75
360481,2025-04-09 15:28:57.771,0.29154,43.8
360961,2025-04-09 15:28:57.776,-0.80677,43.84
361441,2025-04-09 15:28:57.781,0.94023,43.89
361921,2025-04-09 15:28:57.786,-0.63375,43.93
362401,2025-04-09 15:28:57.791,0.03437,43.98
362881,2025-04-09 15:28:57.796,0.57879,44.02
363361,2025-04-09 15:28:57.801,-0.92559,44.07
363841,2025-04-09 15:28:57.806,0.8519,44.11
364321,2025-04-09 15:28:57.811,-0.39561,44.16
364801,2025-04-09 15:28:57.816,-0.23547,44.2
365281,2025-04-09 15:28:57.821,0.7602,44.25
365761,2025-04-09 15:28:57.826,-0.94954,44.29
366241,2025-04-09 15:28:57.831,0.72494,44.34
366721,2025-04-09 15:28:57.836,-0.18818,44.38
367201,2025-04-09 15:28:57.841,-0.42723,44.43
367681,2025-04-09 15:28:57.846,0.85898,44.47
368161,2025-04-09 15:28:57.851,-0.92733,44.52
368641,2025-04-09 15:28:57.856,0.60802,44.56
369121,2025-04-09 15:28:57.861,-0.03797,44.61
369601,2025-04-09 15:28:57.866,-0.54558,44.65
370081,2025-04-09 15:28:57.871,0.90467,44.7
370561,2025-04-09 15:28:57.876,-0.89691,44.74
371041,2025-04-09 15:28:57.881,0.52985,44.79
371521,2025-04-09 15:28:57.886,0.0463,44.83
372001,2025-04-09 15:28:57.891,-0.60202,44.88
372481,2025-04-09 15:28:57.896,0.92054,44.92
372961,2025-04-09 15:28:57.901,-0.88144,44.97
373441,2025-04-09 15:28:57.906,0.5042,45.01
373921,2025-04-09 15:28:57.911,0.06342,45.06
374401,2025-04-09 15:28:57.916,-0.6049,45.1
374881,2025-04-09 15:28:57.921,0.91809,45.15
375361,2025-04-09 15:28:57.926,-0.88981,45.19
375841,2025-04-09 15:28:57.931,0.53481,45.24
376321,2025-04-09 15:28:57.936,0.01347,45.28
376801,2025-04-09 15:28:57.941,-0.55467,45.33
377281,2025-04-09 15:28:57.946,0.89535,45.37
377761,2025-04-09 15:28:57.951,-0.91738,45.42
378241,2025-04-09 15:28:57.956,0.61718,45.46
378721,2025-04-09 15:28:57.961,-0.10348,45.51
379201,2025-04-09 15:28:57.966,-0.44376,45.55
379681,2025-04-09 15:28:57.971,0.83713,45.6
380161,2025-04-09 15:28:57.976,-0.94553,45.64
380641,2025-04-09 15:28:57.981,0.73643,45.69
381121,2025-04-09 15:28:57.986,-0.2836,45.73
381601,2025-04-09 15:28:57.991,-0.26061,45.78
382081,2025-04-09 15:28:57.996,0.71752,45.82
382561,2025-04-09 15:28:58.001,-0.94079,45.87
383041,2025-04-09 15:28:58.006,0.86223,45.91
383521,2025-04-09 15:28:58.011,-0.51092,45.96
384001,2025-04-09 15:28:58.016,0.0009,46.0
384481,2025-04-09 15:28:58.021,0.50714,46.05
384961,2025-04-09 15:28:58.026,-0.8569,46.09
385441,2025-04-09 15:28:58.031,0.94405,46.14
385921,2025-04-09 15:28:58.036,-0.74606,46.18
386401,2025-04-09 15:28:58.041,0.32616,46.23
386881,2025-04-09 15:28:58.046,0.18825,46.27
387361,2025-04-09 15:28:58.051,-0.64518,46.32
387841,2025-04-09 15:28:58.056,0.91302,46.36
388321,2025-04-09 15:28:58.061,-0.9177,46.41
388801,2025-04-09 15:28:58.066,0.66178,46.45
389281,2025-04-09 15:28:58.071,-0.22107,46.5
389761,2025-04-09 15:28:58.076,-0.27903,46.54
390241,2025-04-09 15:28:58.081,0.69991,46.59
390721,2025-04-09 15:28:58.086,-0.92808,46.63
391201,2025-04-09 15:28:58.091,0.90493,46.68
391681,2025-04-09 15:28:58.096,-0.64049,46.72
392161,2025-04-09 15:28:58.101,0.20829,46.77
392641,2025-04-09 15:28:58.106,0.27616,46.81
393121,2025-04-09 15:28:58.111,-0.68685,46.86
393601,2025-04-09 15:28:58.116,0.91992,46.9
394081,2025-04-09 15:28:58.121,-0.91923,46.95
394561,2025-04-09 15:28:58.126,0.68866,46.99
395041,2025-04-09 15:28:58.131,-0.28893,47.04
395521,2025-04-09 15:28:58.136,-0.17942,47.08
396001,2025-04-09 15:28:58.141,0.60194,47.13
396481,2025-04-09 15:28:58.146,-0.87823,47.17
396961,2025-04-09 15:28:58.151,0.94531,47.22
397441,2025-04-09 15:28:58.156,-0.79092,47.26
397921,2025-04-09 15:28:58.161,0.45445,47.31
398401,2025-04-09 15:28:58.166,-0.01589,47.35
398881,2025-04-09 15:28:58.171,-0.4239,47.4
399361,2025-04-09 15:28:58.176,0.76659,47.44
399841,2025-04-09 15:28:58.181,-0.93813,47.49
400321,2025-04-09 15:28:58.186,0.90399,47.53
400801,2025-04-09 15:28:58.191,-0.67507,47.58
401281,2025-04-09 15:28:58.196,0.30356,47.62
401761,2025-04-09 15:28:58.201,0.12978,47.67
402241,2025-04-09 15:28:58.206,-0.53366,47.71
402721,2025-04-09 15:28:58.211,0.82553,47.76
403201,2025-04-09 15:28:58.216,-0.94806,47.8
403681,2025-04-09 15:28:58.221,0.87971,47.85
404161,2025-04-09 15:28:58.226,-0.63744,47.89
404641,2025-04-09 15:28:58.231,0.27186,47.94
405121,2025-04-09 15:28:58.236,0.14409,47.98
405601,2025-04-09 15:28:58.241,-0.53006,48.03
406081,2025-04-09 15:28:58.246,0.81383,48.07
406561,2025-04-09 15:28:58.251,-0.94446,48.12
407041,2025-04-09 15:28:58.256,0.90083,48.16
407521,2025-04-09 15:28:58.261,-0.69413,48.21
408001,2025-04-09 15:28:58.266,0.36448,48.25
408481,2025-04-09 15:28:58.271,0.02749,48.3
408961,2025-04-09 15:28:58.276,-0.4122,48.34
409441,2025-04-09 15:28:58.281,0.72356,48.39
409921,2025-04-09 15:28:58.286,-0.91013,48.43
410401,2025-04-09 15:28:58.291,0.94309,48.48
410881,2025-04-09 15:28:58.296,-0.82004,48.52
411361,2025-04-09 15:28:58.301,0.56416,48.57
411841,2025-04-09 15:28:58.306,-0.21929,48.61
412321,2025-04-09 15:28:58.311,-0.15805,48.66
412801,2025-04-09 15:28:58.316,0.50816,48.7
413281,2025-04-09 15:28:58.321,-0.77759,48.75
413761,2025-04-09 15:28:58.326,0.92702,48.79
414241,2025-04-09 15:28:58.331,-0.93656,48.84
414721,2025-04-09 15:28:58.336,0.80774,48.88
415201,2025-04-09 15:28:58.341,-0.56225,48.93
415681,2025-04-09 15:28:58.346,0.23785,48.97
416161,2025-04-09 15:28:58.351,0.11788,49.02
416641,2025-04-09 15:28:58.356,-0.45465,49.06
417121,2025-04-09 15:28:58.361,0.72662,49.11
417601,2025-04-09 15:28:58.366,-0.89844,49.15
418081,2025-04-09 15:28:58.371,0.94941,49.2
418561,2025-04-09 15:28:58.376,-0.87557,49.24
419041,2025-04-09 15:28:58.381,0.68926,49.29
419521,2025-04-09 15:28:58.386,-0.41676,49.33
420001,2025-04-09 15:28:58.391,0.09418,49.38
420481,2025-04-09 15:28:58.396,0.23753,49.42
420961,2025-04-09 15:28:58.401,-0.5379,49.47
421441,2025-04-09 15:28:58.406,0.77178,49.51
421921,2025-04-09 15:28:58.411,-0.91326,49.56
422401,2025-04-09 15:28:58.416,0.94819,49.6
422881,2025-04-09 15:28:58.421,-0.87517,49.65
423361,2025-04-09 15:28:58.426,0.70498,49.69
423841,2025-04-09 15:28:58.431,-0.45875,49.74
424321,2025-04-09 15:28:58.436,0.165,49.78
424801,2025-04-09 15:28:58.441,0.14384,49.83
425281,2025-04-09 15:28:58.446,-0.43509,49.87
425761,2025-04-09 15:28:58.451,0.67927,49.92
426241,2025-04-09 15:28:58.456,-0.8529,49.96
426721,2025-04-09 15:28:58.461,0.9406,50.01
427201,2025-04-09 15:28:58.466,-0.93604,50.05
427681,2025-04-09 15:28:58.471,0.84211,50.1
428161,2025-04-09 15:28:58.476,-0.67,50.14
428641,2025-04-09 15:28:58.481,0.43772,50.19
429121,2025-04-09 15:28:58.486,-0.16796,50.23
429601,2025-04-09 15:28:58.491,-0.11425,50.28
430081,2025-04-09 15:28:58.496,0.38392,50.32
430561,2025-04-09 15:28:58.501,-0.61827,50.37
431041,2025-04-09 15:28:58.506,0.79861,50.41
431521,2025-04-09 15:28:58.511,-0.91159,50.46
432001,2025-04-09 15:28:58.516,0.95,50.5
432481,2025-04-09 15:28:58.521,-0.91297,50.55
432961,2025-04-09 15:28:58.526,0.80558,50.59
433441,2025-04-09 15:28:58.531,-0.63811,50.64
433921,2025-04-09 15:28:58.536,0.42485,50.68
434401,2025-04-09 15:28:58.541,-0.1828,50.73
434881,2025-04-09 15:28:58.546,-0.06982,50.77
435361,2025-04-09 15:28:58.551,0.31495,50.82
435841,2025-04-09 15:28:58.556,-0.53599,50.86
436321,2025-04-09 15:28:58.561,0.71881,50.91
436801,2025-04-09 15:28:58.566,-0.85262,50.95
437281,2025-04-09 15:28:58.571,0.93036,51.0
437761,2025-04-09 15:28:58.576,-0.94897,51.04
438241,2025-04-09 15:28:58.581,0.90926,51.09
438721,2025-04-09 15:28:58.586,-0.81556,51.13
439201,2025-04-09 15:28:58.591,0.67521,51.18
439681,2025-04-09 15:28:58.596,-0.49788,51.22
440161,2025-04-09 15:28:58.601,0.29483,51.27
440641,2025-04-09 15:28:58.606,-0.07809,51.31
441121,2025-04-09 15:28:58.611,-0.14022,51.36
441601,2025-04-09 15:28:58.616,0.34862,51.4
442081,2025-04-09 15:28:58.621,-0.53682,51.45
442561,2025-04-09 15:28:58.626,0.69619,51.49
443041,2025-04-09 15:28:58.631,-0.82005,51.54
443521,2025-04-09 15:28:58.636,0.90387,51.58
444001,2025-04-09 15:28:58.641,-0.94531,51.63
444481,2025-04-09 15:28:58.646,0.94413,51.67
444961,2025-04-09 15:28:58.651,-0.90207,51.72
445441,2025-04-09 15:28:58.656,0.82253,51.76
445921,2025-04-09 15:28:58.661,-0.71034,51.81
446401,2025-04-09 15:28:58.666,0.57137,51.85
446881,2025-04-09 15:28:58.671,-0.41219,51.9
447361,2025-04-09 15:28:58.676,0.23974,51.94
447841,2025-04-09 15:28:58.681,-0.06102,51.99
448321,2025-04-09 15:28:58.686,-0.11726,52.03
448801,2025-04-09 15:28:58.691,0.28885,52.08
449281,2025-04-09 15:28:58.696,-0.44819,52.12
449761,2025-04-09 15:28:58.701,0.59057,52.17
450241,2025-04-09 15:28:58.706,-0.71219,52.21
450721,2025-04-09 15:28:58.711,0.81022,52.26
451201,2025-04-09 15:28:58.716,-0.88283,52.3
451681,2025-04-09 15:28:58.721,0.92912,52.35
452161,2025-04-09 15:28:58.726,-0.94905,52.39
452641,2025-04-09 15:28:58.731,0.9434,52.44
453121,2025-04-09 15:28:58.736,-0.91361,52.48
453601,2025-04-09 15:28:58.741,0.86169,52.53
454081,2025-04-09 15:28:58.746,-0.79009,52.57
454561,2025-04-09 15:28:58.751,0.70158,52.62
455041,2025-04-09 15:28:58.756,-0.59914,52.66
455521,2025-04-09 15:28:58.761,0.48583,52.71
456001,2025-04-09 15:28:58.766,-0.36472,52.75
456481,2025-04-09 15:28:58.771,0.23878,52.8
456961,2025-04-09 15:28:58.776,-0.11084,52.84
457441,2025-04-09 15:28:58.781,-0.01649,52.89
457921,2025-04-09 15:28:58.786,0.14087,52.93
458401,2025-04-09 15:28:58.791,-0.26023,52.98
458881,2025-04-09 15:28:58.796,0.37283,53.02
459361,2025-04-09 15:28:58.801,-0.47721,53.07
459841,2025-04-09 15:28:58.806,0.57223,53.11
460321,2025-04-09 15:28:58.811,-0.65707,53.16
460801,2025-04-09 15:28:58.816,0.73117,53.2
461281,2025-04-09 15:28:58.821,-0.79421,53.25
461761,2025-04-09 15:28:58.826,0.84614,53.29
462241,2025-04-09 15:28:58.831,-0.8871,53.34
462721,2025-04-09 15:28:58.836,0.9174,53.38
463201,2025-04-09 15:28:58.841,-0.9375,53.43
463681,2025-04-09 15:28:58.846,0.948,53.47
464161,2025-04-09 15:28:58.851,-0.94958,53.52
464641,2025-04-09 15:28:58.856,0.94297,53.56
465121,2025-04-09 15:28:58.861,-0.92896,53.61
465601,2025-04-09 15:28:58.866,0.90839,53.65
466081,2025-04-09 15:28:58.871,-0.88206,53.7
466561,2025-04-09 15:28:58.876,0.85081,53.74
467041,2025-04-09 15:28:58.881,-0.81541,53.79
467521,2025-04-09 15:28:58.886,0.77663,53.83
468001,2025-04-09 15:28:58.891,-0.7352,53.88
468481,2025-04-09 15:28:58.896,0.6918,53.92
468961,2025-04-09 15:28:58.901,-0.64704,53.97
469441,2025-04-09 15:28:58.906,0.60152,54.01
469921,2025-04-09 15:28:58.911,-0.55573,54.06
470401,2025-04-09 15:28:58.916,0.51017,54.1
470881,2025-04-09 15:28:58.921,-0.46523,54.15
471361,2025-04-09 15:28:58.926,0.42129,54.19
471841,2025-04-09 15:28:58.931,-0.37867,54.24
472321,2025-04-09 15:28:58.936,0.33763,54.28
472801,2025-04-09 15:28:58.941,-0.2984,54.33
473281,2025-04-09 15:28:58.946,0.26119,54.37
473761,2025-04-09 15:28:58.951,-0.22614,54.42
474241,2025-04-09 15:28:58.956,0.1934,54.46
474721,2025-04-09 15:28:58.961,-0.16306,54.51
475201,2025-04-09 15:28:58.966,0.13521,54.55
475681,2025-04-09 15:28:58.971,-0.10991,54.6
476161,2025-04-09 15:28:58.976,0.08721,54.64
476641,2025-04-09 15:28:58.981,-0.06713,54.69
477121,2025-04-09 15:28:58.986,0.04971,54.73
477601,2025-04-09 15:28:58.991,-0.03495,54.78
478081,2025-04-09 15:28:58.996,0.02287,54.82
478561,2025-04-09 15:28:59.001,-0.01348,54.87
479041,2025-04-09 15:28:59.006,0.00677,54.91
479521,2025-04-09 15:28:59.011,-0.00274,54.96
480001,2025-04-09 15:28:59.016,0.0014,55.0
480481,2025-04-09 15:28:59.021,-0.00274,55.05
480961,2025-04-09 15:28:59.026,0.00678,55.09
481441,2025-04-09 15:28:59.031,-0.01349,55.14
481921,2025-04-09 15:28:59.036,0.0229,55.18
482401,2025-04-09 15:28:59.041,-0.03498,55.23
482881,2025-04-09 15:28:59.046,0.04974,55.27
483361,2025-04-09 15:28:59.051,-0.06717,55.32
483841,2025-04-09 15:28:59.056,0.08725,55.36
484321,2025-04-09 15:28:59.061,-0.10996,55.41
484801,2025-04-09 15:28:59.066,0.13527,55.45
485281,2025-04-09 15:28:59.071,-0.16312,55.5
485761,2025-04-09 15:28:59.076,0.19347,55.54
486241,2025-04-09 15:28:59.081,-0.22621,55.59
486721,2025-04-09 15:28:59.086,0.26126,55.63
487201,2025-04-09 15:28:59.091,-0.29848,55.68
487681,2025-04-09 15:28:59.096,0.33771,55.72
488161,2025-04-09 15:28:59.101,-0.37875,55.77
488641,2025-04-09 15:28:59.106,0.42138,55.81
489121,2025-04-09 15:28:59.111,-0.46533,55.86
489601,2025-04-09 15:28:59.116,0.51026,55.9
490081,2025-04-09 15:28:59.121,-0.55583,55.95
490561,2025-04-09 15:28:59.126,0.60161,55.99
491041,2025-04-09 15:28:59.131,-0.64714,56.04
491521,2025-04-09 15:28:59.136,0.69189,56.08
492001,2025-04-09 15:28:59.141,-0.73529,56.13
492481,2025-04-09 15:28:59.146,0.77672,56.17
492961,2025-04-09 15:28:59.151,-0.81548,56.22
493441,2025-04-09 15:28:59.156,0.85088,56.26
493921,2025-04-09 15:28:59.161,-0.88213,56.31
494401,2025-04-09 15:28:59.166,0.90844,56.35
494881,2025-04-09 15:28:59.171,-0.929,56.4
495361,2025-04-09 15:28:59.176,0.94299,56.44
495841,2025-04-09 15:28:59.181,-0.94958,56.49
496321,2025-04-09 15:28:59.186,0.94799,56.53
496801,2025-04-09 15:28:59.191,-0.93747,56.58
497281,2025-04-09 15:28:59.196,0.91734,56.62
497761,2025-04-09 15:28:59.201,-0.88702,56.67
498241,2025-04-09 15:28:59.206,0.84604,56.71
498721,2025-04-09 15:28:59.211,-0.79409,56.76
499201,2025-04-09 15:28:59.216,0.73102,56.8
499681,2025-04-09 15:28:59.221,-0.65691,56.85
500161,2025-04-09 15:28:59.226,0.57205,56.89
500641,2025-04-09 15:28:59.231,-0.477,56.94
501121,2025-04-09 15:28:59.236,0.3726,56.98
501601,2025-04-09 15:28:59.241,-0.25999,57.03
502081,2025-04-09 15:28:59.246,0.14061,57.07
502561,2025-04-09 15:28:59.251,-0.01622,57.12
503041,2025-04-09 15:28:59.256,-0.11111,57.16
503521,2025-04-09 15:28:59.261,0.23905,57.21
504001,2025-04-09 15:28:59.266,-0.36497,57.25
504481,2025-04-09 15:28:59.271,0.48607,57.3
504961,2025-04-09 15:28:59.276,-0.59937,57.34
505441,2025-04-09 15:28:59.281,0.70178,57.39
505921,2025-04-09 15:28:59.286,-0.79026,57.43
506401,2025-04-09 15:28:59.291,0.86182,57.48
506881,2025-04-09 15:28:59.296,-0.9137,57.52
507361,2025-04-09 15:28:59.301,0.94344,57.57
507841,2025-04-09 15:28:59.306,-0.94904,57.61
508321,2025-04-09 15:28:59.311,0.92905,57.66
508801,2025-04-09 15:28:59.316,-0.88271,57.7
509281,2025-04-09 15:28:59.321,0.81004,57.75
509761,2025-04-09 15:28:59.326,-0.71196,57.79
510241,2025-04-09 15:28:59.331,0.59029,57.84
510721,2025-04-09 15:28:59.336,-0.44788,57.88
511201,2025-04-09 15:28:59.341,0.2885,57.93
511681,2025-04-09 15:28:59.346,-0.1169,57.97
512161,2025-04-09 15:28:59.351,-0.06139,58.02
512641,2025-04-09 15:28:59.356,0.24011,58.06
513121,2025-04-09 15:28:59.361,-0.41254,58.11
513601,2025-04-09 15:28:59.366,0.57168,58.15
514081,2025-04-09 15:28:59.371,-0.7106,58.2
514561,2025-04-09 15:28:59.376,0.82273,58.24
515041,2025-04-09 15:28:59.381,-0.90219,58.29
515521,2025-04-09 15:28:59.386,0.94418,58.33
516001,2025-04-09 15:28:59.391,-0.94527,58.38
516481,2025-04-09 15:28:59.396,0.90374,58.42
516961,2025-04-09 15:28:59.401,-0.81983,58.47
517441,2025-04-09 15:28:59.406,0.69589,58.51
517921,2025-04-09 15:28:59.411,-0.53646,58.56
518401,2025-04-09 15:28:59.416,0.3482,58.6
518881,2025-04-09 15:28:59.421,-0.13977,58.65
519361,2025-04-09 15:28:59.426,-0.07855,58.69
519841,2025-04-09 15:28:59.431,0.29527,58.74
520321,2025-04-09 15:28:59.436,-0.49828,58.78
520801,2025-04-09 15:28:59.441,0.67554,58.83
521281,2025-04-09 15:28:59.446,-0.8158,58.87
521761,2025-04-09 15:28:59.451,0.9094,58.92
522241,2025-04-09 15:28:59.456,-0.94899,58.96
522721,2025-04-09 15:28:59.461,0.93026,59.01
523201,2025-04-09 15:28:59.466,-0.85239,59.05
523681,2025-04-09 15:28:59.471,0.71848,59.1
524161,2025-04-09 15:28:59.476,-0.53556,59.14
524641,2025-04-09 15:28:59.481,0.31446,59.19
525121,2025-04-09 15:28:59.486,-0.0693,59.23
525601,2025-04-09 15:28:59.491,-0.18332,59.28
526081,2025-04-09 15:28:59.496,0.42533,59.32
526561,2025-04-09 15:28:59.501,-0.63851,59.37
527041,2025-04-09 15:28:59.506,0.80587,59.41
527521,2025-04-09 15:28:59.511,-0.91312,59.46
528001,2025-04-09 15:28:59.516,0.95,59.5
528481,2025-04-09 15:28:59.521,-0.91143,59.55
528961,2025-04-09 15:28:59.526,0.7983,59.59
529441,2025-04-09 15:28:59.531,-0.61784,59.64
529921,2025-04-09 15:28:59.536,0.38339,59.68
530401,2025-04-09 15:28:59.541,-0.11367,59.73
530881,2025-04-09 15:28:59.546,-0.16854,59.77
531361,2025-04-09 15:28:59.551,0.43826,59.82
531841,2025-04-09 15:28:59.556,-0.67043,59.86
532321,2025-04-09 15:28:59.561,0.84239,59.91
532801,2025-04-09 15:28:59.566,-0.93615,59.95
533281,2025-04-09 15:28:59.571,0.94051,60.0
533761,2025-04-09 15:28:59.576,-0.85263,60.04
534241,2025-04-09 15:28:59.581,0.67882,60.09
534721,2025-04-09 15:28:59.586,-0.43453,60.13
535201,2025-04-09 15:28:59.591,0.14321,60.18
535681,2025-04-09 15:28:59.596,0.16564,60.22
536161,2025-04-09 15:28:59.601,-0.45933,60.27
536641,2025-04-09 15:28:59.606,0.70543,60.31
537121,2025-04-09 15:28:59.611,-0.87543,60.36
537601,2025-04-09 15:28:59.616,0.94823,60.4
538081,2025-04-09 15:28:59.621,-0.91307,60.45
538561,2025-04-09 15:28:59.626,0.77138,60.49
539041,2025-04-09 15:28:59.631,-0.53733,60.54
539521,2025-04-09 15:28:59.636,0.23686,60.58
540001,2025-04-09 15:28:59.641,0.09488,60.63
540481,2025-04-09 15:28:59.646,-0.41739,60.67
540961,2025-04-09 15:28:59.651,0.68975,60.72
541441,2025-04-09 15:28:59.656,-0.87584,60.76
541921,2025-04-09 15:28:59.661,0.94944,60.81
542401,2025-04-09 15:28:59.666,-0.8982,60.85
542881,2025-04-09 15:28:59.671,0.72615,60.9
543361,2025-04-09 15:28:59.676,-0.454,60.94
543841,2025-04-09 15:28:59.681,0.11714,60.99
544321,2025-04-09 15:28:59.686,0.23858,61.03
544801,2025-04-09 15:28:59.691,-0.56286,61.08
545281,2025-04-09 15:28:59.696,0.80814,61.12
545761,2025-04-09 15:28:59.701,-0.93669,61.17
546241,2025-04-09 15:28:59.706,0.92686,61.21
546721,2025-04-09 15:28:59.711,-0.77714,61.26
547201,2025-04-09 15:28:59.716,0.5075,61.3
547681,2025-04-09 15:28:59.721,-0.15727,61.35
548161,2025-04-09 15:28:59.726,-0.22006,61.39
548641,2025-04-09 15:28:59.731,0.5648,61.44
549121,2025-04-09 15:28:59.736,-0.82045,61.48
549601,2025-04-09 15:28:59.741,0.94319,61.53
550081,2025-04-09 15:28:59.746,-0.9099,61.57
550561,2025-04-09 15:28:59.751,0.72303,61.62
551041,2025-04-09 15:28:59.756,-0.41145,61.66
551521,2025-04-09 15:28:59.761,0.02665,61.71
552001,2025-04-09 15:28:59.766,0.36526,61.75
552481,2025-04-09 15:28:59.771,-0.6947,61.8
552961,2025-04-09 15:28:59.776,0.9011,61.84
553441,2025-04-09 15:28:59.781,-0.94437,61.89
553921,2025-04-09 15:28:59.786,0.81338,61.93
554401,2025-04-09 15:28:59.791,-0.52934,61.98
554881,2025-04-09 15:28:59.796,0.14323,62.02
555361,2025-04-09 15:28:59.801,0.27271,62.07
555841,2025-04-09 15:28:59.806,-0.6381,62.11
556321,2025-04-09 15:28:59.811,0.88004,62.16
556801,2025-04-09 15:28:59.816,-0.94801,62.2
557281,2025-04-09 15:28:59.821,0.82508,62.25
557761,2025-04-09 15:28:59.826,-0.53291,62.29
558241,2025-04-09 15:28:59.831,0.12888,62.34
558721,2025-04-09 15:28:59.836,0.30443,62.38
559201,2025-04-09 15:28:59.841,-0.67572,62.43
559681,2025-04-09 15:28:59.846,0.90427,62.47
560161,2025-04-09 15:28:59.851,-0.93798,62.52
560641,2025-04-09 15:28:59.856,0.76603,62.56
561121,2025-04-09 15:28:59.861,-0.42305,62.61
561601,2025-04-09 15:28:59.866,-0.01684,62.65
562081,2025-04-09 15:28:59.871,0.45529,62.7
562561,2025-04-09 15:28:59.876,-0.79146,62.74
563041,2025-04-09 15:28:59.881,0.94541,62.79
563521,2025-04-09 15:28:59.886,-0.87786,62.83
564001,2025-04-09 15:28:59.891,0.60118,62.88
564481,2025-04-09 15:28:59.896,-0.17846,62.92
564961,2025-04-09 15:28:59.901,-0.28987,62.97
565441,2025-04-09 15:28:59.906,0.68935,63.01
565921,2025-04-09 15:28:59.911,-0.91948,63.06
566401,2025-04-09 15:28:59.916,0.91967,63.1
566881,2025-04-09 15:28:59.921,-0.68615,63.15
567361,2025-04-09 15:28:59.926,0.27519,63.19
567841,2025-04-09 15:28:59.931,0.20929,63.24
568321,2025-04-09 15:28:59.936,-0.64125,63.28
568801,2025-04-09 15:28:59.941,0.90525,63.33
569281,2025-04-09 15:28:59.946,-0.92786,63.37
569761,2025-04-09 15:28:59.951,0.6992,63.42
570241,2025-04-09 15:28:59.956,-0.27802,63.46
570721,2025-04-09 15:28:59.961,-0.2221,63.51
571201,2025-04-09 15:28:59.966,0.66254,63.55
571681,2025-04-09 15:28:59.971,-0.91797,63.6
572161,2025-04-09 15:28:59.976,0.91272,63.64
572641,2025-04-09 15:28:59.981,-0.64438,63.69
573121,2025-04-09 15:28:59.986,0.18718,63.73
573601,2025-04-09 15:28:59.991,0.32718,63.78
574081,2025-04-09 15:28:59.996,-0.74674,63.82
574561,2025-04-09 15:29:00.001,0.94417,63.87
575041,2025-04-09 15:29:00.006,-0.85642,63.91
575521,2025-04-09 15:29:00.011,0.5062,63.96
576001,2025-04-09 15:29:00.016,0.00201,64.0
576481,2025-04-09 15:29:00.021,-0.51187,64.05
576961,2025-04-09 15:29:00.026,0.86271,64.09
577441,2025-04-09 15:29:00.031,-0.94064,64.14
577921,2025-04-09 15:29:00.036,0.71677,64.18
578401,2025-04-09 15:29:00.041,-0.2595,64.23
578881,2025-04-09 15:29:00.046,-0.2847,64.27
579361,2025-04-09 15:29:00.051,0.73716,64.32
579841,2025-04-09 15:29:00.056,-0.94564,64.36
580321,2025-04-09 15:29:00.061,0.83658,64.41
580801,2025-04-09 15:29:00.066,-0.44272,64.45
581281,2025-04-09 15:29:00.071,-0.10466,64.5
581761,2025-04-09 15:29:00.076,0.61808,64.54
582241,2025-04-09 15:29:00.081,-0.91769,64.59
582721,2025-04-09 15:29:00.086,0.89495,64.63
583201,2025-04-09 15:29:00.091,-0.5537,64.68
583681,2025-04-09 15:29:00.096,0.01226,64.72
584161,2025-04-09 15:29:00.101,0.53581,64.77
584641,2025-04-09 15:29:00.106,-0.89024,64.81
585121,2025-04-09 15:29:00.111,0.91777,64.86
585601,2025-04-09 15:29:00.116,-0.60395,64.9
586081,2025-04-09 15:29:00.121,0.06219,64.95
586561,2025-04-09 15:29:00.126,0.50525,64.99
587041,2025-04-09 15:29:00.131,-0.88191,65.04
587521,2025-04-09 15:29:00.136,0.92023,65.08
588001,2025-04-09 15:29:00.141,-0.60105,65.13
588481,2025-04-09 15:29:00.146,0.04504,65.17
588961,2025-04-09 15:29:00.151,0.5309,65.22
589441,2025-04-09 15:29:00.156,-0.89733,65.26
589921,2025-04-09 15:29:00.161,0.90428,65.31
590401,2025-04-09 15:29:00.166,-0.54452,65.35
590881,2025-04-09 15:29:00.171,-0.03927,65.4
591361,2025-04-09 15:29:00.176,0.60902,65.44
591841,2025-04-09 15:29:00.181,-0.92761,65.49
592321,2025-04-09 15:29:00.186,0.85842,65.53
592801,2025-04-09 15:29:00.191,-0.42606,65.58
593281,2025-04-09 15:29:00.196,-0.18948,65.62
593761,2025-04-09 15:29:00.201,0.7258,65.67
594241,2025-04-09 15:29:00.206,-0.94958,65.71
594721,2025-04-09 15:29:00.211,0.7594,65.76
595201,2025-04-09 15:29:00.216,-0.23417,65.8
595681,2025-04-09 15:29:00.221,-0.39684,65.85
596161,2025-04-09 15:29:00.226,0.8525,65.89
596641,2025-04-09 15:29:00.231,-0.92528,65.94
597121,2025-04-09 15:29:00.236,0.57771,65.98
597601,2025-04-09 15:29:00.241,0.03574,66.03
598081,2025-04-09 15:29:00.246,-0.63477,66.07
598561,2025-04-09 15:29:00.251,0.94043,66.12
599041,2025-04-09 15:29:00.256,-0.80604,66.16
599521,2025-04-09 15:29:00.261,0.29021,66.21
600001,2025-04-09 15:29:00.266,0.36557,66.25
600481,2025-04-09 15:29:00.271,-0.84805,66.3
600961,2025-04-09 15:29:00.276,0.92196,66.34
601441,2025-04-09 15:29:00.281,-0.54678,66.39
601921,2025-04-09 15:29:00.286,-0.09813,66.43
602401,2025-04-09 15:29:00.291,0.69657,66.48
602881,2025-04-09 15:29:00.296,-0.9497,66.52
603361,2025-04-09 15:29:00.301,0.72665,66.57
603841,2025-04-09 15:29:00.306,-0.13521,66.61
604321,2025-04-09 15:29:00.311,-0.52703,66.66
604801,2025-04-09 15:29:00.316,0.9207,66.7
605281,2025-04-09 15:29:00.321,-0.8393,66.75
605761,2025-04-09 15:29:00.326,0.32027,66.79
606241,2025-04-09 15:29:00.331,0.3685,66.84
606721,2025-04-09 15:29:00.336,-0.86454,66.88
607201,2025-04-09 15:29:00.341,0.90164,66.93
607681,2025-04-09 15:29:00.346,-0.45518,66.97
608161,2025-04-09 15:29:00.351,-0.23857,67.02
608641,2025-04-09 15:29:00.356,0.80459,67.06
609121,2025-04-09 15:29:00.361,-0.93133,67.11
609601,2025-04-09 15:29:00.366,0.54441,67.15
610081,2025-04-09 15:29:00.371,0.14628,67.2
610561,2025-04-09 15:29:00.376,-0.75711,67.24
611041,2025-04-09 15:29:00.381,0.94295,67.29
611521,2025-04-09 15:29:00.386,-0.59407,67.33
612001,2025-04-09 15:29:00.391,-0.09538,67.38
612481,2025-04-09 15:29:00.396,0.73192,67.42
612961,2025-04-09 15:29:00.401,-0.94611,67.47
613441,2025-04-09 15:29:00.406,0.60885,67.51
613921,2025-04-09 15:29:00.411,0.08708,67.56
614401,2025-04-09 15:29:00.416,-0.73345,67.6
614881,2025-04-09 15:29:00.421,0.94483,67.65
615361,2025-04-09 15:29:00.426,-0.59032,67.69
615841,2025-04-09 15:29:00.431,-0.1215,67.74
616321,2025-04-09 15:29:00.436,0.76144,67.78
616801,2025-04-09 15:29:00.441,-0.93734,67.83
617281,2025-04-09 15:29:00.446,0.53651,67.87
617761,2025-04-09 15:29:00.451,0.19798,67.92
618241,2025-04-09 15:29:00.456,-0.81091,67.96
618721,2025-04-09 15:29:00.461,0.91615,68.01
619201,2025-04-09 15:29:00.466,-0.44247,68.05
619681,2025-04-09 15:29:00.471,-0.31401,68.1
620161,2025-04-09 15:29:00.476,0.87137,68.14
620641,2025-04-09 15:29:00.481,-0.86847,68.19
621121,2025-04-09 15:29:00.486,0.30211,68.23
621601,2025-04-09 15:29:00.491,0.46298,68.28
622081,2025-04-09 15:29:00.496,-0.92579,68.32
622561,2025-04-09 15:29:00.501,0.77752,68.37
623041,2025-04-09 15:29:00.506,-0.11139,68.41
623521,2025-04-09 15:29:00.511,-0.63102,68.46
624001,2025-04-09 15:29:00.516,0.95,68.5
624481,2025-04-09 15:29:00.521,-0.62546,68.55
624961,2025-04-09 15:29:00.526,-0.12675,68.59
625441,2025-04-09 15:29:00.531,0.79376,68.64
625921,2025-04-09 15:29:00.536,-0.91393,68.68
626401,2025-04-09 15:29:00.541,0.39895,68.73
626881,2025-04-09 15:29:00.546,0.39637,68.77
627361,2025-04-09 15:29:00.551,-0.91462,68.82
627841,2025-04-09 15:29:00.556,0.78639,68.86
628321,2025-04-09 15:29:00.561,-0.09756,68.91
628801,2025-04-09 15:29:00.566,-0.66284,68.95
629281,2025-04-09 15:29:00.571,0.94701,69.0
629761,2025-04-09 15:29:00.576,-0.54477,69.04
630241,2025-04-09 15:29:00.581,-0.25602,69.09
630721,2025-04-09 15:29:00.586,0.87069,69.13
631201,2025-04-09 15:29:00.591,-0.84365,69.18
631681,2025-04-09 15:29:00.596,0.18969,69.22
632161,2025-04-09 15:29:00.601,0.60754,69.27
632641,2025-04-09 15:29:00.606,-0.94979,69.31
633121,2025-04-09 15:29:00.611,0.57453,69.36
633601,2025-04-09 15:29:00.616,0.23862,69.4
634081,2025-04-09 15:29:00.621,-0.871,69.45
634561,2025-04-09 15:29:00.626,0.83447,69.49
635041,2025-04-09 15:29:00.631,-0.15194,69.54
635521,2025-04-09 15:29:00.636,-0.65037,69.58
636001,2025-04-09 15:29:00.641,0.94518,69.63
636481,2025-04-09 15:29:00.646,-0.49631,69.67
636961,2025-04-09 15:29:00.651,-0.3466,69.72
637441,2025-04-09 15:29:00.656,0.91524,69.76
637921,2025-04-09 15:29:00.661,-0.75197,69.81
638401,2025-04-09 15:29:00.666,-0.0174,69.85
638881,2025-04-09 15:29:00.671,0.77428,69.9
639361,2025-04-09 15:29:00.676,-0.90199,69.94
639841,2025-04-09 15:29:00.681,0.29106,69.99
640321,2025-04-09 15:29:00.686,0.56089,70.03
640801,2025-04-09 15:29:00.691,-0.94998,70.08
641281,2025-04-09 15:29:00.696,0.5486,70.12
641761,2025-04-09 15:29:00.701,0.31305,70.17
642241,2025-04-09 15:29:00.706,-0.91281,70.21
642721,2025-04-09 15:29:00.711,0.74087,70.26
643201,2025-04-09 15:29:00.716,0.06216,70.3
643681,2025-04-09 15:29:00.721,-0.81356,70.35
644161,2025-04-09 15:29:00.726,0.86627,70.39
644641,2025-04-09 15:29:00.731,-0.16952,70.44
645121,2025-04-09 15:29:00.736,-0.67606,70.48
645601,2025-04-09 15:29:00.741,0.93198,70.53
646081,2025-04-09 15:29:00.746,-0.36892,70.57
646561,2025-04-09 15:29:00.751,-0.52132,70.62
647041,2025-04-09 15:29:00.756,0.94997,70.66
647521,2025-04-09 15:29:00.761,-0.53076,70.71
648001,2025-04-09 15:29:00.766,-0.3659,70.75
648481,2025-04-09 15:29:00.771,0.9339,70.8
648961,2025-04-09 15:29:00.776,-0.6554,70.84
649441,2025-04-09 15:29:00.781,-0.22151,70.89
649921,2025-04-09 15:29:00.786,0.89689,70.93
650401,2025-04-09 15:29:00.791,-0.74677,70.98
650881,2025-04-09 15:29:00.796,-0.09553,71.02
651361,2025-04-09 15:29:00.801,0.85037,71.07
651841,2025-04-09 15:29:00.806,-0.81053,71.11
652321,2025-04-09 15:29:00.811,0.00801,71.16
652801,2025-04-09 15:29:00.816,0.8035,71.2
653281,2025-04-09 15:29:00.821,-0.85271,71.25
653761,2025-04-09 15:29:00.826,0.08741,71.29
654241,2025-04-09 15:29:00.831,0.76313,71.34
654721,2025-04-09 15:29:00.836,-0.87874,71.38
655201,2025-04-09 15:29:00.841,0.14235,71.43
655681,2025-04-09 15:29:00.846,0.73403,71.47
656161,2025-04-09 15:29:00.851,-0.8929,71.52
656641,2025-04-09 15:29:00.856,0.17309,71.56
657121,2025-04-09 15:29:00.861,0.71914,71.61
657601,2025-04-09 15:29:00.866,-0.89793,71.65
658081,2025-04-09 15:29:00.871,0.17997,71.7
658561,2025-04-09 15:29:00.876,0.71983,71.74
659041,2025-04-09 15:29:00.881,-0.89491,71.79
659521,2025-04-09 15:29:00.886,0.16308,71.83
660001,2025-04-09 15:29:00.891,0.73604,71.88
660481,2025-04-09 15:29:00.896,-0.88319,71.92
660961,2025-04-09 15:29:00.901,0.12221,71.97
661441,2025-04-09 15:29:00.906,0.76626,72.01
661921,2025-04-09 15:29:00.911,-0.86042,72.06
662401,2025-04-09 15:29:00.916,0.05699,72.1
662881,2025-04-09 15:29:00.921,0.80741,72.15
663361,2025-04-09 15:29:00.926,-0.82268,72.19
663841,2025-04-09 15:29:00.931,-0.03266,72.24
664321,2025-04-09 15:29:00.936,0.85456,72.28
664801,2025-04-09 15:29:00.941,-0.76478,72.33
665281,2025-04-09 15:29:00.946,-0.14596,72.37
665761,2025-04-09 15:29:00.951,0.90065,72.42
666241,2025-04-09 15:29:00.956,-0.68076,72.46
666721,2025-04-09 15:29:00.961,-0.28035,72.51
667201,2025-04-09 15:29:00.966,0.93631,72.55
667681,2025-04-09 15:29:00.971,-0.56476,72.6
668161,2025-04-09 15:29:00.976,-0.43052,72.64
668641,2025-04-09 15:29:00.981,0.94996,72.69
669121,2025-04-09 15:29:00.986,-0.41228,72.73
669601,2025-04-09 15:29:00.991,-0.58735,72.78
670081,2025-04-09 15:29:00.996,0.92833,72.82
670561,2025-04-09 15:29:01.001,-0.22188,72.87
671041,2025-04-09 15:29:01.006,-0.73713,72.91
671521,2025-04-09 15:29:01.011,0.85784,72.96
672001,2025-04-09 15:29:01.016,0.00274,73.0
672481,2025-04-09 15:29:01.021,-0.86132,73.05
672961,2025-04-09 15:29:01.026,0.72678,73.09
673441,2025-04-09 15:29:01.031,0.2506,73.14
673921,2025-04-09 15:29:01.036,-0.93741,73.18
674401,2025-04-09 15:29:01.041,0.5286,73.23
674881,2025-04-09 15:29:01.046,0.50177,73.27
675361,2025-04-09 15:29:01.051,-0.94135,73.32
675841,2025-04-09 15:29:01.056,0.26582,73.36
676321,2025-04-09 15:29:01.061,0.72698,73.41
676801,2025-04-09 15:29:01.066,-0.8519,73.45
677281,2025-04-09 15:29:01.071,-0.04589,73.5
677761,2025-04-09 15:29:01.076,0.88944,73.54
678241,2025-04-09 15:29:01.081,-0.65685,73.59
678721,2025-04-09 15:29:01.086,-0.37493,73.63
679201,2025-04-09 15:29:01.091,0.94998,73.68
679681,2025-04-09 15:29:01.096,-0.3604,73.72
680161,2025-04-09 15:29:01.101,-0.67384,73.77
680641,2025-04-09 15:29:01.106,0.87568,73.81
681121,2025-04-09 15:29:01.111,0.01013,73.86
681601,2025-04-09 15:29:01.116,-0.88432,73.9
682081,2025-04-09 15:29:01.121,0.65163,73.95
682561,2025-04-09 15:29:01.126,0.40111,73.99
683041,2025-04-09 15:29:01.131,-0.94831,74.04
683521,2025-04-09 15:29:01.136,0.29314,74.08
684001,2025-04-09 15:29:01.141,0.73616,74.13
684481,2025-04-09 15:29:01.146,-0.82497,74.17
684961,2025-04-09 15:29:01.151,-0.14568,74.22
685441,2025-04-09 15:29:01.156,0.9295,74.26
685921,2025-04-09 15:29:01.161,-0.51053,74.31
686401,2025-04-09 15:29:01.166,-0.57268,74.35
686881,2025-04-09 15:29:01.171,0.90939,74.4
687361,2025-04-09 15:29:01.176,-0.0544,74.44
687841,2025-04-09 15:29:01.181,-0.87306,74.49
688321,2025-04-09 15:29:01.186,0.64778,74.53
688801,2025-04-09 15:29:01.191,0.43717,74.58
689281,2025-04-09 15:29:01.196,-0.94087,74.62
689761,2025-04-09 15:29:01.201,0.18675,74.67
690241,2025-04-09 15:29:01.206,0.81887,74.71
690721,2025-04-09 15:29:01.211,-0.72157,74.76
691201,2025-04-09 15:29:01.216,-0.35241,74.8
691681,2025-04-09 15:29:01.221,0.94858,74.85
692161,2025-04-09 15:29:01.226,-0.25133,74.89
692641,2025-04-09 15:29:01.231,-0.79077,74.94
693121,2025-04-09 15:29:01.236,0.74665,74.98
693601,2025-04-09 15:29:01.241,0.32805,75.03
694081,2025-04-09 15:29:01.246,-0.94919,75.07
694561,2025-04-09 15:29:01.251,0.25059,75.12
695041,2025-04-09 15:29:01.256,0.79855,75.16
695521,2025-04-09 15:29:01.261,-0.72925,75.21
696001,2025-04-09 15:29:01.266,-0.36626,75.25
696481,2025-04-09 15:29:01.271,0.94537,75.3
696961,2025-04-09 15:29:01.276,-0.18449,75.34
697441,2025-04-09 15:29:01.281,-0.83963,75.39
697921,2025-04-09 15:29:01.286,0.66498,75.43
698401,2025-04-09 15:29:01.291,0.46352,75.48
698881,2025-04-09 15:29:01.296,-0.92567,75.52
699361,2025-04-09 15:29:01.301,0.05058,75.57
699841,2025-04-09 15:29:01.306,0.89858,75.61
700321,2025-04-09 15:29:01.311,-0.54026,75.66
700801,2025-04-09 15:29:01.316,-0.60785,75.7
701281,2025-04-09 15:29:01.321,0.86528,75.75
701761,2025-04-09 15:29:01.326,0.15098,75.79
702241,2025-04-09 15:29:01.331,-0.94492,75.84
702721,2025-04-09 15:29:01.336,0.33802,75.88
703201,2025-04-09 15:29:01.341,0.7725,75.93
703681,2025-04-09 15:29:01.346,-0.72969,75.97
704161,2025-04-09 15:29:01.351,-0.40735,76.02
704641,2025-04-09 15:29:01.356,0.93215,76.06
705121,2025-04-09 15:29:01.361,-0.04934,76.11
705601,2025-04-09 15:29:01.366,-0.90889,76.15
706081,2025-04-09 15:29:01.371,0.48496,76.2
706561,2025-04-09 15:29:01.376,0.67976,76.24
707041,2025-04-09 15:29:01.381,-0.8036,76.29
707521,2025-04-09 15:29:01.386,-0.30834,76.33
708001,2025-04-09 15:29:01.391,0.94512,76.38
708481,2025-04-09 15:29:01.396,-0.11841,76.42
708961,2025-04-09 15:29:01.401,-0.8929,76.47
709441,2025-04-09 15:29:01.406,0.512,76.51
709921,2025-04-09 15:29:01.411,0.67064,76.56
710401,2025-04-09 15:29:01.416,-0.80047,76.6
710881,2025-04-09 15:29:01.421,-0.33155,76.65
711361,2025-04-09 15:29:01.426,0.93974,76.69
711841,2025-04-09 15:29:01.431,-0.05643,76.74
712321,2025-04-09 15:29:01.436,-0.91729,76.78
712801,2025-04-09 15:29:01.441,0.42521,76.83
713281,2025-04-09 15:29:01.446,0.74925,76.87
713761,2025-04-09 15:29:01.451,-0.71833,76.92
714241,2025-04-09 15:29:01.456,-0.47286,76.96
714721,2025-04-09 15:29:01.461,0.89831,77.01
715201,2025-04-09 15:29:01.466,0.13693,77.05
715681,2025-04-09 15:29:01.471,-0.94927,77.1
716161,2025-04-09 15:29:01.476,0.20769,77.14
716641,2025-04-09 15:29:01.481,0.87549,77.19
717121,2025-04-09 15:29:01.486,-0.51596,77.23
717601,2025-04-09 15:29:01.491,-0.6972,77.28
718081,2025-04-09 15:29:01.496,0.75384,77.32
718561,2025-04-09 15:29:01.501,0.4448,77.37
719041,2025-04-09 15:29:01.506,-0.90084,77.41
719521,2025-04-09 15:29:01.511,-0.15304,77.46
720001,2025-04-09 15:29:01.516,0.94999,77.5
720481,2025-04-09 15:29:01.521,-0.14417,77.55
720961,2025-04-09 15:29:01.526,-0.9061,77.59
721441,2025-04-09 15:29:01.531,0.41765,77.64
721921,2025-04-09 15:29:01.536,0.7828,77.68
722401,2025-04-09 15:29:01.541,-0.64527,77.73
722881,2025-04-09 15:29:01.546,-0.59924,77.77
723361,2025-04-09 15:29:01.551,0.81293,77.82
723841,2025-04-09 15:29:01.556,0.37692,77.86
724321,2025-04-09 15:29:01.561,-0.91432,77.91
724801,2025-04-09 15:29:01.566,-0.13701,77.95
725281,2025-04-09 15:29:01.571,0.94986,78.0
725761,2025-04-09 15:29:01.576,-0.10166,78.04
726241,2025-04-09 15:29:01.581,-0.92521,78.09
726721,2025-04-09 15:29:01.586,0.32384,78.13
727201,2025-04-09 15:29:01.591,0.84959,78.18
727681,2025-04-09 15:29:01.596,-0.51838,78.22
728161,2025-04-09 15:29:01.601,-0.73413,78.27
728641,2025-04-09 15:29:01.606,0.6783,78.31
729121,2025-04-09 15:29:01.611,0.59055,78.36
729601,2025-04-09 15:29:01.616,-0.80037,78.4
730081,2025-04-09 15:29:01.621,-0.43005,78.45
730561,2025-04-09 15:29:01.626,0.88451,78.49
731041,2025-04-09 15:29:01.631,0.26257,78.54
731521,2025-04-09 15:29:01.636,-0.93301,78.58
732001,2025-04-09 15:29:01.641,-0.09635,78.63
732481,2025-04-09 15:29:01.646,0.94987,78.67
732961,2025-04-09 15:29:01.651,-0.0622,78.72
733441,2025-04-09 15:29:01.656,-0.94005,78.76
733921,2025-04-09 15:29:01.661,0.20856,78.81
734401,2025-04-09 15:29:01.666,0.90896,78.85
734881,2025-04-09 15:29:01.671,-0.33985,78.9
735361,2025-04-09 15:29:01.676,-0.86198,78.94
735841,2025-04-09 15:29:01.681,0.45465,78.99
736321,2025-04-09 15:29:01.686,0.80419,79.03
736801,2025-04-09 15:29:01.691,-0.5527,79.08
737281,2025-04-09 15:29:01.696,-0.74011,79.12
737761,2025-04-09 15:29:01.701,0.63458,79.17
738241,2025-04-09 15:29:01.706,0.67367,79.21
738721,2025-04-09 15:29:01.711,-0.70152,79.26
739201,2025-04-09 15:29:01.716,-0.60811,79.3
739681,2025-04-09 15:29:01.721,0.75508,79.35
740161,2025-04-09 15:29:01.726,0.54605,79.39
740641,2025-04-09 15:29:01.731,-0.79701,79.44
741121,2025-04-09 15:29:01.736,-0.48953,79.48
741601,2025-04-09 15:29:01.741,0.82906,79.53
742081,2025-04-09 15:29:01.746,0.4401,79.57
742561,2025-04-09 15:29:01.751,-0.8529,79.62
743041,2025-04-09 15:29:01.756,-0.39887,79.66
743521,2025-04-09 15:29:01.761,0.86999,79.71
744001,2025-04-09 15:29:01.766,0.36665,79.75
744481,2025-04-09 15:29:01.771,-0.88154,79.8
744961,2025-04-09 15:29:01.776,-0.34396,79.84
745441,2025-04-09 15:29:01.781,0.88848,79.89
745921,2025-04-09 15:29:01.786,0.33114,79.93
746401,2025-04-09 15:29:01.791,-0.8914,79.98
746881,2025-04-09 15:29:01.796,-0.32835,80.02
747361,2025-04-09 15:29:01.801,0.89057,80.07
747841,2025-04-09 15:29:01.806,0.33563,80.11
748321,2025-04-09 15:29:01.811,-0.88591,80.16
748801,2025-04-09 15:29:01.816,-0.35288,80.2
749281,2025-04-09 15:29:01.821,0.87701,80.25
749761,2025-04-09 15:29:01.826,0.37987,80.29
750241,2025-04-09 15:29:01.831,-0.86312,80.34
750721,2025-04-09 15:29:01.836,-0.41619,80.38
751201,2025-04-09 15:29:01.841,0.84318,80.43
751681,2025-04-09 15:29:01.846,0.46119,80.47
752161,2025-04-09 15:29:01.851,-0.81587,80.52
752641,2025-04-09 15:29:01.856,-0.51395,80.56
753121,2025-04-09 15:29:01.861,0.77963,80.61
753601,2025-04-09 15:29:01.866,0.57315,80.65
754081,2025-04-09 15:29:01.871,-0.73273,80.7
754561,2025-04-09 15:29:01.876,-0.63706,80.74
755041,2025-04-09 15:29:01.881,0.67342,80.79
755521,2025-04-09 15:29:01.886,0.70337,80.83
756001,2025-04-09 15:29:01.891,-0.59999,80.88
756481,2025-04-09 15:29:01.896,-0.7692,80.92
756961,2025-04-09 15:29:01.901,0.51101,80.97
757441,2025-04-09 15:29:01.906,0.831,81.01
757921,2025-04-09 15:29:01.911,-0.40552,81.06
758401,2025-04-09 15:29:01.916,-0.88457,81.1
758881,2025-04-09 15:29:01.921,0.28327,81.15
759361,2025-04-09 15:29:01.926,0.92511,81.19
759841,2025-04-09 15:29:01.931,-0.145,81.24
760321,2025-04-09 15:29:01.936,-0.94738,81.28
760801,2025-04-09 15:29:01.941,-0.00725,81.33
761281,2025-04-09 15:29:01.946,0.94596,81.37
761761,2025-04-09 15:29:01.951,0.16989,81.42
762241,2025-04-09 15:29:01.956,-0.91555,81.46
762721,2025-04-09 15:29:01.961,-0.33757,81.51
763201,2025-04-09 15:29:01.966,0.85156,81.55
763681,2025-04-09 15:29:01.971,0.50307,81.6
764161,2025-04-09 15:29:01.976,-0.75067,81.64
764641,2025-04-09 15:29:01.981,-0.65733,81.69
765121,2025-04-09 15:29:01.986,0.61153,81.73
765601,2025-04-09 15:29:01.991,0.7898,81.78
766081,2025-04-09 15:29:01.996,-0.43556,81.82
766561,2025-04-09 15:29:02.001,-0.88893,81.87
767041,2025-04-09 15:29:02.006,0.22758,81.91
767521,2025-04-09 15:29:02.011,0.94311,81.96
768001,2025-04-09 15:29:02.016,0.00358,82.0
768481,2025-04-09 15:29:02.021,-0.94188,82.05
768961,2025-04-09 15:29:02.026,-0.24493,82.09
769441,2025-04-09 15:29:02.031,0.87739,82.14
769921,2025-04-09 15:29:02.036,0.47949,82.18
770401,2025-04-09 15:29:02.041,-0.74613,82.23
770881,2025-04-09 15:29:02.046,-0.6872,82.27
771361,2025-04-09 15:29:02.051,0.55049,82.32
771841,2025-04-09 15:29:02.056,0.84647,82.36
772321,2025-04-09 15:29:02.061,-0.30019,82.41
772801,2025-04-09 15:29:02.066,-0.93647,82.45
773281,2025-04-09 15:29:02.071,0.01293,82.5
773761,2025-04-09 15:29:02.076,0.94009,82.54
774241,2025-04-09 15:29:02.081,0.28581,82.59
774721,2025-04-09 15:29:02.086,-0.84724,82.63
775201,2025-04-09 15:29:02.091,-0.56435,82.68
775681,2025-04-09 15:29:02.096,0.65806,82.72
776161,2025-04-09 15:29:02.101,0.78786,82.77
776641,2025-04-09 15:29:02.106,-0.38542,82.81
777121,2025-04-09 15:29:02.111,-0.92282,82.86
777601,2025-04-09 15:29:02.116,0.05599,82.9
778081,2025-04-09 15:29:02.121,0.94263,82.95
778561,2025-04-09 15:29:02.126,0.29082,82.99
779041,2025-04-09 15:29:02.131,-0.83352,83.04
779521,2025-04-09 15:29:02.136,-0.60656,83.08
780001,2025-04-09 15:29:02.141,0.59981,83.13
780481,2025-04-09 15:29:02.146,0.84019,83.17
780961,2025-04-09 15:29:02.151,-0.26707,83.22
781441,2025-04-09 15:29:02.156,-0.94684,83.26
781921,2025-04-09 15:29:02.161,-0.11816,83.31
782401,2025-04-09 15:29:02.166,0.89757,83.35
782881,2025-04-09 15:29:02.171,0.49305,83.4
783361,2025-04-09 15:29:02.176,-0.68832,83.44
783841,2025-04-09 15:29:02.181,-0.7879,83.49
784321,2025-04-09 15:29:02.186,0.34569,83.53
784801,2025-04-09 15:29:02.191,0.93944,83.58
785281,2025-04-09 15:29:02.196,0.07291,83.62
785761,2025-04-09 15:29:02.201,-0.90596,83.67
786241,2025-04-09 15:29:02.206,-0.4863,83.71
786721,2025-04-09 15:29:02.211,0.68075,83.76
787201,2025-04-09 15:29:02.216,0.80412,83.8
787681,2025-04-09 15:29:02.221,-0.30005,83.85
788161,2025-04-09 15:29:02.226,-0.94709,83.89
788641,2025-04-09 15:29:02.231,-0.15838,83.94
789121,2025-04-09 15:29:02.236,0.86892,83.98
789601,2025-04-09 15:29:02.241,0.58818,84.03
790081,2025-04-09 15:29:02.246,-0.57404,84.07
790561,2025-04-09 15:29:02.251,-0.87805,84.12
791041,2025-04-09 15:29:02.256,0.12477,84.16
791521,2025-04-09 15:29:02.261,0.94185,84.21
792001,2025-04-09 15:29:02.266,0.36707,84.25
792481,2025-04-09 15:29:02.271,-0.74748,84.3
792961,2025-04-09 15:29:02.276,-0.76518,84.34
793441,2025-04-09 15:29:02.281,0.33488,84.39
793921,2025-04-09 15:29:02.286,0.94671,84.43
794401,2025-04-09 15:29:02.291,0.18544,84.48
794881,2025-04-09 15:29:02.296,-0.84306,84.52
795361,2025-04-09 15:29:02.301,-0.65754,84.57
795841,2025-04-09 15:29:02.306,0.47046,84.61
796321,2025-04-09 15:29:02.311,0.92563,84.66
796801,2025-04-09 15:29:02.316,0.0635,84.7
797281,2025-04-09 15:29:02.321,-0.88789,84.75
797761,2025-04-09 15:29:02.326,-0.58484,84.79
798241,2025-04-09 15:29:02.331,0.54051,84.84
798721,2025-04-09 15:29:02.336,0.90756,84.88
799201,2025-04-09 15:29:02.341,0.00761,84.93
799681,2025-04-09 15:29:02.346,-0.90211,84.97
800161,2025-04-09 15:29:02.351,-0.56166,85.02
800641,2025-04-09 15:29:02.356,0.5533,85.06
801121,2025-04-09 15:29:02.361,0.9069,85.11
801601,2025-04-09 15:29:02.366,0.01882,85.15
802081,2025-04-09 15:29:02.371,-0.89408,85.2
802561,2025-04-09 15:29:02.376,-0.59191,85.24
803041,2025-04-09 15:29:02.381,0.51064,85.29
803521,2025-04-09 15:29:02.386,0.92411,85.33
804001,2025-04-09 15:29:02.391,0.09702,85.38
804481,2025-04-09 15:29:02.396,-0.85893,85.42
804961,2025-04-09 15:29:02.401,-0.67042,85.47
805441,2025-04-09 15:29:02.406,0.40687,85.51
805921,2025-04-09 15:29:02.411,0.94572,85.56
806401,2025-04-09 15:29:02.416,0.24008,85.6
806881,2025-04-09 15:29:02.421,-0.77934,85.65
807361,2025-04-09 15:29:02.426,-0.78087,85.69
807841,2025-04-09 15:29:02.431,0.23227,85.74
808321,2025-04-09 15:29:02.436,0.94375,85.78
808801,2025-04-09 15:29:02.441,0.43814,85.83
809281,2025-04-09 15:29:02.446,-0.62929,85.87
809761,2025-04-09 15:29:02.451,-0.89116,85.92
810241,2025-04-09 15:29:02.456,-0.01831,85.96
810721,2025-04-09 15:29:02.461,0.87678,86.01
811201,2025-04-09 15:29:02.466,0.66398,86.05
811681,2025-04-09 15:29:02.471,-0.38333,86.1
812161,2025-04-09 15:29:02.476,-0.94954,86.14
812641,2025-04-09 15:29:02.481,-0.33131,86.19
813121,2025-04-09 15:29:02.486,0.69751,86.23
813601,2025-04-09 15:29:02.491,0.86286,86.28
814081,2025-04-09 15:29:02.496,-0.03417,86.32
814561,2025-04-09 15:29:02.501,-0.88825,86.37
815041,2025-04-09 15:29:02.506,-0.65714,86.41
815521,2025-04-09 15:29:02.511,0.37235,86.46
816001,2025-04-09 15:29:02.516,0.94999,86.5
816481,2025-04-09 15:29:02.521,0.38223,86.55
816961,2025-04-09 15:29:02.526,-0.64342,86.59
817441,2025-04-09 15:29:02.531,-0.89918,86.64
817921,2025-04-09 15:29:02.536,-0.08513,86.68
818401,2025-04-09 15:29:02.541,0.82871,86.73
818881,2025-04-09 15:29:02.546,0.76427,86.77
819361,2025-04-09 15:29:02.551,-0.19728,86.82
819841,2025-04-09 15:29:02.556,-0.92701,86.86
820321,2025-04-09 15:29:02.561,-0.5771,86.91
820801,2025-04-09 15:29:02.566,0.44091,86.95
821281,2025-04-09 15:29:02.571,0.94906,87.0
821761,2025-04-09 15:29:02.576,0.36678,87.04
822241,2025-04-09 15:29:02.581,-0.63399,87.09
822721,2025-04-09 15:29:02.586,-0.91193,87.13
823201,2025-04-09 15:29:02.591,-0.15636,87.18
823681,2025-04-09 15:29:02.596,0.77452,87.22
824161,2025-04-09 15:29:02.601,0.83454,87.27
824641,2025-04-09 15:29:02.606,-0.03824,87.31
825121,2025-04-09 15:29:02.611,-0.86726,87.36
825601,2025-04-09 15:29:02.616,-0.73462,87.4
826081,2025-04-09 15:29:02.621,0.20771,87.45
826561,2025-04-09 15:29:02.626,0.92075,87.49
827041,2025-04-09 15:29:02.631,0.627,87.54
827521,2025-04-09 15:29:02.636,-0.34807,87.58
828001,2025-04-09 15:29:02.641,-0.94501,87.63
828481,2025-04-09 15:29:02.646,-0.52306,87.67
828961,2025-04-09 15:29:02.651,0.45911,87.72
829441,2025-04-09 15:29:02.656,0.94984,87.76
829921,2025-04-09 15:29:02.661,0.4309,87.81
830401,2025-04-09 15:29:02.666,-0.54282,87.85
830881,2025-04-09 15:29:02.671,-0.94388,87.9
831361,2025-04-09 15:29:02.676,-0.35583,87.94
831841,2025-04-09 15:29:02.681,0.60219,87.99
832321,2025-04-09 15:29:02.686,0.93406,88.03
832801,2025-04-09 15:29:02.691,0.30111,88.08
833281,2025-04-09 15:29:02.696,-0.64022,88.12
833761,2025-04-09 15:29:02.701,-0.92544,88.17
834241,2025-04-09 15:29:02.706,-0.26852,88.21
834721,2025-04-09 15:29:02.711,0.65926,88.26
835201,2025-04-09 15:29:02.716,0.9212,88.3
835681,2025-04-09 15:29:02.721,0.25893,88.35
836161,2025-04-09 15:29:02.726,-0.66064,88.39
836641,2025-04-09 15:29:02.731,-0.92268,88.44
837121,2025-04-09 15:29:02.736,-0.27256,88.48
837601,2025-04-09 15:29:02.741,0.64447,88.53
838081,2025-04-09 15:29:02.746,0.92942,88.57
838561,2025-04-09 15:29:02.751,0.30908,88.62
839041,2025-04-09 15:29:02.756,-0.60961,88.66
839521,2025-04-09 15:29:02.761,-0.93917,88.71
840001,2025-04-09 15:29:02.766,-0.3675,88.75
840481,2025-04-09 15:29:02.771,0.55383,88.8
840961,2025-04-09 15:29:02.776,0.94778,88.84
841441,2025-04-09 15:29:02.781,0.44583,88.89
841921,2025-04-09 15:29:02.786,-0.4742,88.93
842401,2025-04-09 15:29:02.791,-0.94924,88.98
842881,2025-04-09 15:29:02.796,-0.54049,89.02
843361,2025-04-09 15:29:02.801,0.36769,89.07
843841,2025-04-09 15:29:02.806,0.93573,89.11
844321,2025-04-09 15:29:02.811,0.64574,89.16
844801,2025-04-09 15:29:02.816,-0.23206,89.2
845281,2025-04-09 15:29:02.821,-0.8979,89.25
845761,2025-04-09 15:29:02.826,-0.75294,89.29
846241,2025-04-09 15:29:02.831,0.06707,89.34
846721,2025-04-09 15:29:02.836,0.8257,89.38
847201,2025-04-09 15:29:02.841,0.8501,89.43
847681,2025-04-09 15:29:02.846,0.12399,89.47
848161,2025-04-09 15:29:02.851,-0.70961,89.52
848641,2025-04-09 15:29:02.856,-0.92181,89.56
849121,2025-04-09 15:29:02.861,-0.33278,89.61
849601,2025-04-09 15:29:02.866,0.54266,89.65
850081,2025-04-09 15:29:02.871,0.95,89.7
850561,2025-04-09 15:29:02.876,0.54448,89.74
851041,2025-04-09 15:29:02.881,-0.32314,89.79
851521,2025-04-09 15:29:02.886,-0.9158,89.83
852001,2025-04-09 15:29:02.891,-0.73715,89.88
852481,2025-04-09 15:29:02.896,0.05763,89.92
852961,2025-04-09 15:29:02.901,0.80286,89.97
853441,2025-04-09 15:29:02.906,0.8825,90.01
853921,2025-04-09 15:29:02.911,0.23606,90.06
854401,2025-04-09 15:29:02.916,-0.60213,90.1
854881,2025-04-09 15:29:02.921,-0.94879,90.15
855361,2025-04-09 15:29:02.926,-0.52727,90.19
855841,2025-04-09 15:29:02.931,0.31747,90.24
856321,2025-04-09 15:29:02.936,0.90651,90.28
856801,2025-04-09 15:29:02.941,0.77335,90.33
857281,2025-04-09 15:29:02.946,0.02893,90.37
857761,2025-04-09 15:29:02.951,-0.73663,90.42
858241,2025-04-09 15:29:02.956,-0.92465,90.46
858721,2025-04-09 15:29:02.961,-0.39352,90.51
859201,2025-04-09 15:29:02.966,0.44057,90.55
859681,2025-04-09 15:29:02.971,0.9343,90.6
860161,2025-04-09 15:29:02.976,0.71321,90.64
860641,2025-04-09 15:29:02.981,-0.04905,90.69
861121,2025-04-09 15:29:02.986,-0.77257,90.73
861601,2025-04-09 15:29:02.991,-0.91454,90.78
862081,2025-04-09 15:29:02.996,-0.37376,90.82
862561,2025-04-09 15:29:03.001,0.44305,90.87
863041,2025-04-09 15:29:03.006,0.93127,90.91
863521,2025-04-09 15:29:03.011,0.73572,90.96
864001,2025-04-09 15:29:03.016,0.00453,91.0
864481,2025-04-09 15:29:03.021,-0.72823,91.05
864961,2025-04-09 15:29:03.026,-0.93498,91.09
865441,2025-04-09 15:29:03.031,-0.47217,91.14
865921,2025-04-09 15:29:03.036,0.32538,91.18
866401,2025-04-09 15:29:03.041,0.891,91.23
866881,2025-04-09 15:29:03.046,0.8292,91.27
867361,2025-04-09 15:29:03.051,0.1885,91.32
867841,2025-04-09 15:29:03.056,-0.58148,91.36
868321,2025-04-09 15:29:03.061,-0.94848,91.41
868801,2025-04-09 15:29:03.066,-0.6644,91.45
869281,2025-04-09 15:29:03.071,0.0716,91.5
869761,2025-04-09 15:29:03.076,0.75729,91.54
870241,2025-04-09 15:29:03.081,0.9318,91.59
870721,2025-04-09 15:29:03.086,0.48293,91.63
871201,2025-04-09 15:29:03.091,-0.28562,91.68
871681,2025-04-09 15:29:03.096,-0.86368,91.72
872161,2025-04-09 15:29:03.101,-0.87375,91.77
872641,2025-04-09 15:29:03.106,-0.31435,91.81
873121,2025-04-09 15:29:03.111,0.44717,91.86
873601,2025-04-09 15:29:03.116,0.91899,91.9
874081,2025-04-09 15:29:03.121,0.80212,91.95
874561,2025-04-09 15:29:03.126,0.17612,91.99
875041,2025-04-09 15:29:03.131,-0.55934,92.04
875521,2025-04-09 15:29:03.136,-0.94222,92.08
876001,2025-04-09 15:29:03.141,-0.73731,92.13
876481,2025-04-09 15:29:03.146,-0.07681,92.17
876961,2025-04-09 15:29:03.151,0.62911,92.22
877441,2025-04-09 15:29:03.156,0.94903,92.26
877921,2025-04-09 15:29:03.161,0.69256,92.31
878401,2025-04-09 15:29:03.166,0.01961,92.35
878881,2025-04-09 15:29:03.171,-0.66321,92.4
879361,2025-04-09 15:29:03.176,-0.94997,92.44
879841,2025-04-09 15:29:03.181,-0.67517,92.49
880321,2025-04-09 15:29:03.186,-0.0053,92.53
880801,2025-04-09 15:29:03.191,0.66576,92.58
881281,2025-04-09 15:29:03.196,0.94989,92.62
881761,2025-04-09 15:29:03.201,0.68766,92.67
882241,2025-04-09 15:29:03.206,0.03397,92.71
882721,2025-04-09 15:29:03.211,-0.63707,92.76
883201,2025-04-09 15:29:03.216,-0.94782,92.8
883681,2025-04-09 15:29:03.221,-0.72824,92.85
884161,2025-04-09 15:29:03.226,-0.10541,92.89
884641,2025-04-09 15:29:03.231,0.57363,92.94
885121,2025-04-09 15:29:03.236,0.93696,92.98
885601,2025-04-09 15:29:03.241,0.79047,93.03
886081,2025-04-09 15:29:03.246,0.21828,93.07
886561,2025-04-09 15:29:03.251,-0.469,93.12
887041,2025-04-09 15:29:03.256,-0.90497,93.16
887521,2025-04-09 15:29:03.261,-0.86218,93.21
888001,2025-04-09 15:29:03.266,-0.36797,93.25
888481,2025-04-09 15:29:03.271,0.31602,93.3
888961,2025-04-09 15:29:03.276,0.83477,93.34
889441,2025-04-09 15:29:03.281,0.92421,93.39
889921,2025-04-09 15:29:03.286,0.54335,93.43
890401,2025-04-09 15:29:03.291,-0.11058,93.48
890881,2025-04-09 15:29:03.296,-0.70702,93.52
891361,2025-04-09 15:29:03.301,-0.94994,93.57
891841,2025-04-09 15:29:03.306,-0.7232,93.61
892321,2025-04-09 15:29:03.311,-0.14292,93.66
892801,2025-04-09 15:29:03.316,0.50494,93.7
893281,2025-04-09 15:29:03.321,0.90706,93.75
893761,2025-04-09 15:29:03.326,0.87355,93.79
894241,2025-04-09 15:29:03.331,0.4251,93.84
894721,2025-04-09 15:29:03.336,-0.22227,93.88
895201,2025-04-09 15:29:03.341,-0.76348,93.93
895681,2025-04-09 15:29:03.346,-0.94845,93.97
896161,2025-04-09 15:29:03.351,-0.69595,94.02
896641,2025-04-09 15:29:03.356,-0.12627,94.06
897121,2025-04-09 15:29:03.361,0.49869,94.11
897601,2025-04-09 15:29:03.366,0.89718,94.15
898081,2025-04-09 15:29:03.371,0.89393,94.2
898561,2025-04-09 15:29:03.376,0.49495,94.24
899041,2025-04-09 15:29:03.381,-0.11997,94.29
899521,2025-04-09 15:29:03.386,-0.68046,94.33
900001,2025-04-09 15:29:03.391,-0.94493,94.38
900481,2025-04-09 15:29:03.396,-0.80347,94.42
900961,2025-04-09 15:29:03.401,-0.32096,94.47
901441,2025-04-09 15:29:03.406,0.29512,94.51
901921,2025-04-09 15:29:03.411,0.78555,94.56
902401,2025-04-09 15:29:03.416,0.94842,94.6
902881,2025-04-09 15:29:03.421,0.72065,94.65
903361,2025-04-09 15:29:03.426,0.19983,94.69
903841,2025-04-09 15:29:03.431,-0.39986,94.74
904321,2025-04-09 15:29:03.436,-0.83696,94.78
904801,2025-04-09 15:29:03.441,-0.93963,94.83
905281,2025-04-09 15:29:03.446,-0.67147,94.87
905761,2025-04-09 15:29:03.451,-0.14189,94.92
906241,2025-04-09 15:29:03.456,0.44065,94.96
906721,2025-04-09 15:29:03.461,0.85165,95.01
907201,2025-04-09 15:29:03.466,0.9367,95.05
907681,2025-04-09 15:29:03.471,0.66779,95.1
908161,2025-04-09 15:29:03.476,0.15002,95.14
908641,2025-04-09 15:29:03.481,-0.42134,95.19
909121,2025-04-09 15:29:03.486,-0.83552,95.23
909601,2025-04-09 15:29:03.491,-0.94357,95.28
910081,2025-04-09 15:29:03.496,-0.7104,95.32
910561,2025-04-09 15:29:03.501,-0.22391,95.37
911041,2025-04-09 15:29:03.506,0.34002,95.41
911521,2025-04-09 15:29:03.511,0.78212,95.46
912001,2025-04-09 15:29:03.516,0.94999,95.5
912481,2025-04-09 15:29:03.521,0.78931,95.55
912961,2025-04-09 15:29:03.526,0.3594,95.59
913441,2025-04-09 15:29:03.531,-0.19046,95.64
913921,2025-04-09 15:29:03.536,-0.67407,95.68
914401,2025-04-09 15:29:03.541,-0.93148,95.73
914881,2025-04-09 15:29:03.546,-0.88096,95.77
915361,2025-04-09 15:29:03.551,-0.54321,95.82
915841,2025-04-09 15:29:03.556,-0.03135,95.86
916321,2025-04-09 15:29:03.561,0.48831,95.91
916801,2025-04-09 15:29:03.566,0.85087,95.95
917281,2025-04-09 15:29:03.571,0.94464,96.0
917761,2025-04-09 15:29:03.576,0.74422,96.04
918241,2025-04-09 15:29:03.581,0.31552,96.09
918721,2025-04-09 15:29:03.586,-0.20748,96.13
919201,2025-04-09 15:29:03.591,-0.66546,96.18
919681,2025-04-09 15:29:03.596,-0.9224,96.22
920161,2025-04-09 15:29:03.601,-0.90512,96.27
920641,2025-04-09 15:29:03.606,-0.62269,96.31
921121,2025-04-09 15:29:03.611,-0.16091,96.36
921601,2025-04-09 15:29:03.616,0.34492,96.4
922081,2025-04-09 15:29:03.621,0.75032,96.45
922561,2025-04-09 15:29:03.626,0.94268,96.49
923041,2025-04-09 15:29:03.631,0.87161,96.54
923521,2025-04-09 15:29:03.636,0.56065,96.58
924001,2025-04-09 15:29:03.641,0.09827,96.63
924481,2025-04-09 15:29:03.646,-0.38838,96.67
924961,2025-04-09 15:29:03.651,-0.76893,96.72
925441,2025-04-09 15:29:03.656,-0.94441,96.76
925921,2025-04-09 15:29:03.661,-0.8721,96.81
926401,2025-04-09 15:29:03.666,-0.57456,96.85
926881,2025-04-09 15:29:03.671,-0.13149,96.9
927361,2025-04-09 15:29:03.676,0.34263,96.94
927841,2025-04-09 15:29:03.681,0.72855,96.99
928321,2025-04-09 15:29:03.686,0.93206,97.03
928801,2025-04-09 15:29:03.691,0.90623,97.08
929281,2025-04-09 15:29:03.696,0.66102,97.12
929761,2025-04-09 15:29:03.701,0.25876,97.17
930241,2025-04-09 15:29:03.706,-0.20269,97.21
930721,2025-04-09 15:29:03.711,-0.61422,97.26
931201,2025-04-09 15:29:03.716,-0.88134,97.3
931681,2025-04-09 15:29:03.721,-0.94527,97.35
932161,2025-04-09 15:29:03.726,-0.79495,97.39
932641,2025-04-09 15:29:03.731,-0.46762,97.44
933121,2025-04-09 15:29:03.736,-0.0387,97.48
933601,2025-04-09 15:29:03.741,0.39631,97.53
934081,2025-04-09 15:29:03.746,0.74332,97.57
934561,2025-04-09 15:29:03.751,0.92976,97.62
935041,2025-04-09 15:29:03.756,0.91909,97.66
935521,2025-04-09 15:29:03.761,0.71699,97.71
936001,2025-04-09 15:29:03.766,0.36846,97.75
936481,2025-04-09 15:29:03.771,-0.05299,97.8
936961,2025-04-09 15:29:03.776,-0.46136,97.84
937441,2025-04-09 15:29:03.781,-0.7758,97.89
937921,2025-04-09 15:29:03.786,-0.93637,97.93
938401,2025-04-09 15:29:03.791,-0.91477,97.98
938881,2025-04-09 15:29:03.796,-0.71848,98.02
939361,2025-04-09 15:29:03.801,-0.3878,98.07
939841,2025-04-09 15:29:03.806,0.01314,98.11
940321,2025-04-09 15:29:03.811,0.40921,98.16
940801,2025-04-09 15:29:03.816,0.72855,98.2
941281,2025-04-09 15:29:03.821,0.91534,98.25
941761,2025-04-09 15:29:03.826,0.93904,98.29
942241,2025-04-09 15:29:03.831,0.79867,98.34
942721,2025-04-09 15:29:03.836,0.52159,98.38
943201,2025-04-09 15:29:03.841,0.15763,98.43
943681,2025-04-09 15:29:03.846,-0.23044,98.47
944161,2025-04-09 15:29:03.851,-0.57786,98.52
944641,2025-04-09 15:29:03.856,-0.8287,98.56
945121,2025-04-09 15:29:03.861,-0.9445,98.61
945601,2025-04-09 15:29:03.866,-0.90958,98.65
946081,2025-04-09 15:29:03.871,-0.7325,98.7
946561,2025-04-09 15:29:03.876,-0.44354,98.74
947041,2025-04-09 15:29:03.881,-0.08903,98.79
947521,2025-04-09 15:29:03.886,0.27641,98.83
948001,2025-04-09 15:29:03.891,0.59845,98.88
948481,2025-04-09 15:29:03.896,0.83101,98.92
948961,2025-04-09 15:29:03.901,0.94255,98.97
949441,2025-04-09 15:29:03.906,0.91988,99.01
949921,2025-04-09 15:29:03.911,0.76907,99.06
950401,2025-04-09 15:29:03.916,0.51366,99.1
950881,2025-04-09 15:29:03.921,0.19057,99.15
951361,2025-04-09 15:29:03.926,-0.15556,99.19
951841,2025-04-09 15:29:03.931,-0.47872,99.24
952321,2025-04-09 15:29:03.936,-0.73758,99.28
952801,2025-04-09 15:29:03.941,-0.9006,99.33
953281,2025-04-09 15:29:03.946,-0.94954,99.37
953761,2025-04-09 15:29:03.951,-0.88096,99.42
954241,2025-04-09 15:29:03.956,-0.70596,99.46
954721,2025-04-09 15:29:03.961,-0.44797,99.51
955201,2025-04-09 15:29:03.966,-0.13934,99.55
955681,2025-04-09 15:29:03.971,0.18297,99.6
956161,2025-04-09 15:29:03.976,0.48189,99.64
956641,2025-04-09 15:29:03.981,0.72449,99.69
957121,2025-04-09 15:29:03.986,0.8854,99.73
957601,2025-04-09 15:29:03.991,0.94919,99.78
958081,2025-04-09 15:29:03.996,0.9115,99.82
958561,2025-04-09 15:29:04.001,0.77882,99.87
959041,2025-04-09 15:29:04.006,0.56722,99.91
959521,2025-04-09 15:29:04.011,0.30015,99.96
