Czas [UTC],Numer pr√≥bki,Surowe przyspieszenie Z [g],Przyspieszenie Z [g]
2025-04-08 22:07:17.824498,0,0.36923076923076925,0.0
2025-04-08 22:07:17.828100,1,0.3706959706959707,0.0
2025-04-08 22:07:17.831822,2,0.3706959706959707,0.0
2025-04-08 22:07:17.835421,3,0.3706959706959707,0.0
2025-04-08 22:07:17.838949,4,0.36996336996337,0.0
2025-04-08 22:07:17.842468,5,0.36996336996337,0.0
2025-04-08 22:07:17.845978,6,0.36996336996337,0.0
2025-04-08 22:07:17.849728,7,0.3677655677655678,0.0
2025-04-08 22:07:17.853435,8,0.3677655677655678,0.0
2025-04-08 22:07:17.856949,9,0.3684981684981685,0.0
2025-04-08 22:07:17.860672,10,0.3684981684981685,0.0
2025-04-08 22:07:17.864233,11,0.3684981684981685,0.0
2025-04-08 22:07:17.867732,12,0.36923076923076925,0.0
2025-04-08 22:07:17.871279,13,0.36923076923076925,0.0
2025-04-08 22:07:17.874794,14,0.36923076923076925,0.0
2025-04-08 22:07:17.878283,15,0.36996336996337,0.0
2025-04-08 22:07:17.881783,16,0.36996336996337,0.0
2025-04-08 22:07:17.885277,17,0.36996336996337,0.0
2025-04-08 22:07:17.888782,18,0.3706959706959707,0.0
2025-04-08 22:07:17.892472,19,0.3706959706959707,0.0
2025-04-08 22:07:17.896113,20,0.3706959706959707,0.0
2025-04-08 22:07:17.899657,21,0.3648351648351648,0.0
2025-04-08 22:07:17.903147,22,0.3648351648351648,0.0
2025-04-08 22:07:17.906640,23,0.3648351648351648,0.0
2025-04-08 22:07:17.910151,24,0.3648351648351648,0.0
2025-04-08 22:07:17.913645,25,0.37362637362637363,0.0
2025-04-08 22:07:17.917131,26,0.37362637362637363,0.0
2025-04-08 22:07:17.920907,27,0.37362637362637363,0.0
2025-04-08 22:07:17.924517,28,0.37362637362637363,0.0
2025-04-08 22:07:17.928030,29,0.37142857142857144,0.0
2025-04-08 22:07:17.931518,30,0.37142857142857144,0.0
2025-04-08 22:07:17.935013,31,0.37142857142857144,0.0
2025-04-08 22:07:17.938505,32,0.37142857142857144,0.0
2025-04-08 22:07:17.942002,33,0.37142857142857144,0.0
2025-04-08 22:07:17.945489,34,0.37142857142857144,0.0
2025-04-08 22:07:17.948984,35,0.3706959706959707,0.0
2025-04-08 22:07:17.952474,36,0.3706959706959707,0.0
2025-04-08 22:07:17.955961,37,0.3706959706959707,0.0
2025-04-08 22:07:17.959448,38,0.3706959706959707,0.0
2025-04-08 22:07:17.963021,39,0.3706959706959707,0.0
2025-04-08 22:07:17.966563,40,0.3706959706959707,0.0
2025-04-08 22:07:17.970067,41,0.37142857142857144,0.0
2025-04-08 22:07:17.973558,42,0.37142857142857144,0.0
2025-04-08 22:07:17.977069,43,0.37142857142857144,0.0
2025-04-08 22:07:17.980574,44,0.37216117216117217,0.0
2025-04-08 22:07:17.984070,45,0.37216117216117217,0.0
2025-04-08 22:07:17.987555,46,0.37216117216117217,0.0
2025-04-08 22:07:17.991044,47,0.36923076923076925,0.0
2025-04-08 22:07:17.994527,48,0.36923076923076925,0.0
2025-04-08 22:07:17.998019,49,0.36923076923076925,0.0
2025-04-08 22:07:18.001534,50,0.3706959706959707,0.0
2025-04-08 22:07:18.005038,51,0.3706959706959707,0.0
2025-04-08 22:07:18.008716,52,0.3677655677655678,0.0
2025-04-08 22:07:18.012532,53,0.3677655677655678,0.0
2025-04-08 22:07:18.016421,54,0.3677655677655678,0.0
2025-04-08 22:07:18.020224,55,0.36923076923076925,0.0
2025-04-08 22:07:18.023795,56,0.36923076923076925,0.0
2025-04-08 22:07:18.027297,57,0.36923076923076925,0.0
2025-04-08 22:07:18.030788,58,0.36556776556776555,0.0
2025-04-08 22:07:18.034323,59,0.36556776556776555,0.0
2025-04-08 22:07:18.037832,60,0.36556776556776555,0.0
2025-04-08 22:07:18.041365,61,0.36043956043956044,0.0
2025-04-08 22:07:18.044870,62,0.36043956043956044,0.0
2025-04-08 22:07:18.048360,63,0.37216117216117217,0.0
2025-04-08 22:07:18.051858,64,0.36336996336996336,0.0
2025-04-08 22:07:18.055369,65,0.36336996336996336,0.0
2025-04-08 22:07:18.058869,66,0.3663003663003663,0.0
2025-04-08 22:07:18.062361,67,0.3663003663003663,0.0
2025-04-08 22:07:18.065849,68,0.3663003663003663,0.0
2025-04-08 22:07:18.069336,69,0.3677655677655678,0.0
2025-04-08 22:07:18.072823,70,0.3677655677655678,0.0
2025-04-08 22:07:18.076311,71,0.3677655677655678,0.0
2025-04-08 22:07:18.079821,72,0.36923076923076925,0.0
2025-04-08 22:07:18.083309,73,0.36923076923076925,0.0
2025-04-08 22:07:18.086795,74,0.36923076923076925,0.0
2025-04-08 22:07:18.090322,75,0.3684981684981685,0.0
2025-04-08 22:07:18.093829,76,0.3684981684981685,0.0
2025-04-08 22:07:18.097320,77,0.3684981684981685,0.0
2025-04-08 22:07:18.100809,78,0.36923076923076925,0.0
2025-04-08 22:07:18.104308,79,0.36923076923076925,0.0
2025-04-08 22:07:18.107796,80,0.36923076923076925,0.0
2025-04-08 22:07:18.111282,81,0.3706959706959707,0.0
2025-04-08 22:07:18.114773,82,0.3706959706959707,0.0
2025-04-08 22:07:18.118257,83,0.3706959706959707,0.0
2025-04-08 22:07:18.121744,84,0.3684981684981685,0.0
2025-04-08 22:07:18.125231,85,0.3684981684981685,0.0
2025-04-08 22:07:18.128742,86,0.3684981684981685,0.0
2025-04-08 22:07:18.132229,87,0.3706959706959707,0.0
2025-04-08 22:07:18.135712,88,0.3706959706959707,0.0
2025-04-08 22:07:18.139197,89,0.3706959706959707,0.0
2025-04-08 22:07:18.143050,90,0.37216117216117217,0.0
2025-04-08 22:07:18.146983,91,0.37216117216117217,0.0
2025-04-08 22:07:18.150819,92,0.36923076923076925,0.0
2025-04-08 22:07:18.154922,93,0.36923076923076925,0.0
2025-04-08 22:07:18.158817,94,0.36923076923076925,0.0
2025-04-08 22:07:18.162537,95,0.367032967032967,0.0
2025-04-08 22:07:18.166244,96,0.367032967032967,0.0
2025-04-08 22:07:18.169990,97,0.3677655677655678,0.0
2025-04-08 22:07:18.174050,98,0.3677655677655678,0.0
2025-04-08 22:07:18.177933,99,0.3677655677655678,0.0
2025-04-08 22:07:18.183223,100,0.36996336996337,0.0
2025-04-08 22:07:18.187079,101,0.36996336996337,0.0
2025-04-08 22:07:18.191473,102,0.36923076923076925,0.0
2025-04-08 22:07:18.195255,103,0.36923076923076925,0.0
2025-04-08 22:07:18.198807,104,0.36923076923076925,0.0
2025-04-08 22:07:18.202325,105,0.36923076923076925,0.0
2025-04-08 22:07:18.205900,106,0.36923076923076925,0.0
2025-04-08 22:07:18.209417,107,0.36923076923076925,0.0
2025-04-08 22:07:18.212957,108,0.3663003663003663,0.0
2025-04-08 22:07:18.216478,109,0.3663003663003663,0.0
2025-04-08 22:07:18.219967,110,0.3663003663003663,0.0
2025-04-08 22:07:18.223483,111,0.3663003663003663,0.0
2025-04-08 22:07:18.226974,112,0.3663003663003663,0.0
2025-04-08 22:07:18.230470,113,0.3663003663003663,0.0
2025-04-08 22:07:18.233995,114,0.3663003663003663,0.0
2025-04-08 22:07:18.237533,115,0.3663003663003663,0.0
2025-04-08 22:07:18.241037,116,0.367032967032967,0.0
2025-04-08 22:07:18.244529,117,0.367032967032967,0.0
2025-04-08 22:07:18.248036,118,0.367032967032967,0.0
2025-04-08 22:07:18.251526,119,0.36923076923076925,0.0
2025-04-08 22:07:18.255014,120,0.36923076923076925,0.0
2025-04-08 22:07:18.258501,121,0.36923076923076925,0.0
2025-04-08 22:07:18.261989,122,0.36923076923076925,0.0
2025-04-08 22:07:18.265477,123,0.36923076923076925,0.0
2025-04-08 22:07:18.268975,124,0.36923076923076925,0.0
2025-04-08 22:07:18.272477,125,0.3684981684981685,0.0
2025-04-08 22:07:18.275971,126,0.3684981684981685,0.0
2025-04-08 22:07:18.279477,127,0.3684981684981685,0.0
2025-04-08 22:07:18.282970,128,0.3684981684981685,0.0
2025-04-08 22:07:18.286462,129,0.3684981684981685,0.0
2025-04-08 22:07:18.289951,130,0.3684981684981685,0.0
2025-04-08 22:07:18.293439,131,0.3663003663003663,0.0
2025-04-08 22:07:18.296928,132,0.3663003663003663,0.0
2025-04-08 22:07:18.300477,133,0.3663003663003663,0.0
2025-04-08 22:07:18.303965,134,0.36923076923076925,0.0
2025-04-08 22:07:18.307454,135,0.36923076923076925,0.0
2025-04-08 22:07:18.310948,136,0.36923076923076925,0.0
2025-04-08 22:07:18.314437,137,0.367032967032967,0.0
2025-04-08 22:07:18.317926,138,0.367032967032967,0.0
2025-04-08 22:07:18.321413,139,0.3648351648351648,0.0
2025-04-08 22:07:18.324924,140,0.3648351648351648,0.0
2025-04-08 22:07:18.328620,141,0.3648351648351648,0.0
2025-04-08 22:07:18.332229,142,0.367032967032967,0.0
2025-04-08 22:07:18.335736,143,0.367032967032967,0.0
2025-04-08 22:07:18.339228,144,0.367032967032967,0.0
2025-04-08 22:07:18.342719,145,0.3677655677655678,0.0
2025-04-08 22:07:18.346207,146,0.3677655677655678,0.0
2025-04-08 22:07:18.349694,147,0.3677655677655678,0.0
2025-04-08 22:07:18.353183,148,0.36923076923076925,0.0
2025-04-08 22:07:18.356680,149,0.36923076923076925,0.0
2025-04-08 22:07:18.360173,150,0.36923076923076925,0.0
2025-04-08 22:07:18.363661,151,0.3684981684981685,0.0
2025-04-08 22:07:18.367144,152,0.3684981684981685,0.0
2025-04-08 22:07:18.370664,153,0.3684981684981685,0.0
2025-04-08 22:07:18.374171,154,0.36923076923076925,0.0
2025-04-08 22:07:18.377664,155,0.36923076923076925,0.0
2025-04-08 22:07:18.381147,156,0.36923076923076925,0.0
2025-04-08 22:07:18.384631,157,0.36336996336996336,0.0
2025-04-08 22:07:18.388121,158,0.36336996336996336,0.0
2025-04-08 22:07:18.391642,159,0.36336996336996336,0.0
2025-04-08 22:07:18.395140,160,0.3641025641025641,0.0
2025-04-08 22:07:18.398626,161,0.3641025641025641,0.0
2025-04-08 22:07:18.402120,162,0.3641025641025641,0.0
2025-04-08 22:07:18.405608,163,0.367032967032967,0.0
2025-04-08 22:07:18.409102,164,0.367032967032967,0.0
2025-04-08 22:07:18.412596,165,0.3684981684981685,0.0
2025-04-08 22:07:18.416085,166,0.3684981684981685,0.0
2025-04-08 22:07:18.419571,167,0.3684981684981685,0.0
2025-04-08 22:07:18.423058,168,0.36923076923076925,0.0
2025-04-08 22:07:18.426543,169,0.36923076923076925,0.0
2025-04-08 22:07:18.430028,170,0.36923076923076925,0.0
2025-04-08 22:07:18.433513,171,0.36996336996337,0.0
2025-04-08 22:07:18.437080,172,0.36996336996337,0.0
2025-04-08 22:07:18.440580,173,0.36996336996337,0.0
2025-04-08 22:07:18.444070,174,0.3706959706959707,0.0
2025-04-08 22:07:18.447555,175,0.3706959706959707,0.0
2025-04-08 22:07:18.451042,176,0.3706959706959707,0.0
2025-04-08 22:07:18.454528,177,0.3706959706959707,0.0
2025-04-08 22:07:18.458025,178,0.3706959706959707,0.0
2025-04-08 22:07:18.461517,179,0.3706959706959707,0.0
2025-04-08 22:07:18.465009,180,0.37142857142857144,0.0
2025-04-08 22:07:18.468497,181,0.37142857142857144,0.0
2025-04-08 22:07:18.471983,182,0.37142857142857144,0.0
2025-04-08 22:07:18.475489,183,0.36923076923076925,0.0
2025-04-08 22:07:18.478976,184,0.36923076923076925,0.0
2025-04-08 22:07:18.482460,185,0.36923076923076925,0.0
2025-04-08 22:07:18.486047,186,0.3597069597069597,0.0
2025-04-08 22:07:18.489549,187,0.3597069597069597,0.0
2025-04-08 22:07:18.493037,188,0.3597069597069597,0.0
2025-04-08 22:07:18.496523,189,0.3567765567765568,0.0
2025-04-08 22:07:18.500024,190,0.3567765567765568,0.0
2025-04-08 22:07:18.503511,191,0.36336996336996336,0.0
2025-04-08 22:07:18.506996,192,0.36336996336996336,0.0
2025-04-08 22:07:18.510481,193,0.36336996336996336,0.0
2025-04-08 22:07:18.513965,194,0.3663003663003663,0.0
2025-04-08 22:07:18.517451,195,0.3663003663003663,0.0
2025-04-08 22:07:18.520935,196,0.3663003663003663,0.0
2025-04-08 22:07:18.524434,197,0.3677655677655678,0.0
2025-04-08 22:07:18.527917,198,0.3677655677655678,0.0
2025-04-08 22:07:18.531398,199,0.3677655677655678,0.0
2025-04-08 22:07:18.534918,200,0.367032967032967,0.0
2025-04-08 22:07:18.538407,201,0.367032967032967,0.0
2025-04-08 22:07:18.541892,202,0.367032967032967,0.0
2025-04-08 22:07:18.545375,203,0.3684981684981685,0.0
2025-04-08 22:07:18.548858,204,0.3684981684981685,0.0
2025-04-08 22:07:18.552356,205,0.3684981684981685,0.0
2025-04-08 22:07:18.555869,206,0.36996336996337,0.0
2025-04-08 22:07:18.559386,207,0.36996336996337,0.0
2025-04-08 22:07:18.562875,208,0.36996336996337,0.0
2025-04-08 22:07:18.566360,209,0.3663003663003663,0.0
2025-04-08 22:07:18.569860,210,0.3663003663003663,0.0
2025-04-08 22:07:18.573347,211,0.3663003663003663,0.0
2025-04-08 22:07:18.576832,212,0.3641025641025641,0.0
2025-04-08 22:07:18.580403,213,0.3641025641025641,0.0
2025-04-08 22:07:18.583911,214,0.3641025641025641,0.0
2025-04-08 22:07:18.587410,215,0.3641025641025641,0.0
2025-04-08 22:07:18.590905,216,0.3641025641025641,0.0
2025-04-08 22:07:18.594394,217,0.36996336996337,0.0
2025-04-08 22:07:18.597879,218,0.36996336996337,0.0
2025-04-08 22:07:18.601363,219,0.36996336996337,0.0
2025-04-08 22:07:18.604849,220,0.37142857142857144,0.0
2025-04-08 22:07:18.608351,221,0.37142857142857144,0.0
2025-04-08 22:07:18.611838,222,0.37142857142857144,0.0
2025-04-08 22:07:18.615327,223,0.3706959706959707,0.0
2025-04-08 22:07:18.618811,224,0.3706959706959707,0.0
2025-04-08 22:07:18.622295,225,0.3706959706959707,0.0
2025-04-08 22:07:18.625779,226,0.36923076923076925,0.0
2025-04-08 22:07:18.629264,227,0.36923076923076925,0.0
2025-04-08 22:07:18.632770,228,0.36923076923076925,0.0
2025-04-08 22:07:18.636288,229,0.36923076923076925,0.0
2025-04-08 22:07:18.639782,230,0.36923076923076925,0.0
2025-04-08 22:07:18.643270,231,0.36923076923076925,0.0
2025-04-08 22:07:18.646762,232,0.36923076923076925,0.0
2025-04-08 22:07:18.650251,233,0.36923076923076925,0.0
2025-04-08 22:07:18.653740,234,0.36923076923076925,0.0
2025-04-08 22:07:18.657248,235,0.3684981684981685,0.0
2025-04-08 22:07:18.660734,236,0.3684981684981685,0.0
2025-04-08 22:07:18.664220,237,0.3684981684981685,0.0
2025-04-08 22:07:18.667703,238,0.3641025641025641,0.0
2025-04-08 22:07:18.671185,239,0.3641025641025641,0.0
2025-04-08 22:07:18.674687,240,0.3641025641025641,0.0
2025-04-08 22:07:18.678180,241,0.3641025641025641,0.0
2025-04-08 22:07:18.681692,242,0.3641025641025641,0.0
2025-04-08 22:07:18.685178,243,0.3641025641025641,0.0
2025-04-08 22:07:18.688665,244,0.3684981684981685,0.0
2025-04-08 22:07:18.692150,245,0.3684981684981685,0.0
2025-04-08 22:07:18.695633,246,0.36923076923076925,0.0
2025-04-08 22:07:18.699118,247,0.36923076923076925,0.0
2025-04-08 22:07:18.702603,248,0.36923076923076925,0.0
2025-04-08 22:07:18.706171,249,0.36996336996337,0.0
2025-04-08 22:07:18.709678,250,0.36996336996337,0.0
2025-04-08 22:07:18.713166,251,0.36996336996337,0.0
2025-04-08 22:07:18.716673,252,0.3684981684981685,0.0
2025-04-08 22:07:18.720192,253,0.3684981684981685,0.0
2025-04-08 22:07:18.723700,254,0.3684981684981685,0.0
2025-04-08 22:07:18.727192,255,0.36996336996337,0.0
2025-04-08 22:07:18.730680,256,0.36996336996337,0.0
2025-04-08 22:07:18.734168,257,0.36996336996337,0.0
2025-04-08 22:07:18.737658,258,0.3684981684981685,0.0
2025-04-08 22:07:18.741143,259,0.3684981684981685,0.0
2025-04-08 22:07:18.744628,260,0.3684981684981685,0.0
2025-04-08 22:07:18.748141,261,0.36923076923076925,0.0
2025-04-08 22:07:18.751647,262,0.36923076923076925,0.0
2025-04-08 22:07:18.755137,263,0.36923076923076925,0.0
2025-04-08 22:07:18.758623,264,0.3677655677655678,0.0
2025-04-08 22:07:18.762109,265,0.3677655677655678,0.0
2025-04-08 22:07:18.765594,266,0.35604395604395606,0.0
2025-04-08 22:07:18.769076,267,0.3626373626373626,0.0
2025-04-08 22:07:18.772565,268,0.3626373626373626,0.0
2025-04-08 22:07:18.776054,269,0.37435897435897436,0.0
2025-04-08 22:07:18.779559,270,0.367032967032967,0.0
2025-04-08 22:07:18.783040,271,0.367032967032967,0.0
2025-04-08 22:07:18.786728,272,0.36923076923076925,0.0
2025-04-08 22:07:18.790268,273,0.36923076923076925,0.0
2025-04-08 22:07:18.793762,274,0.36923076923076925,0.0
2025-04-08 22:07:18.797255,275,0.367032967032967,0.0
2025-04-08 22:07:18.800744,276,0.367032967032967,0.0
2025-04-08 22:07:18.804232,277,0.367032967032967,0.0
2025-04-08 22:07:18.807717,278,0.3684981684981685,0.0
2025-04-08 22:07:18.811203,279,0.3684981684981685,0.0
2025-04-08 22:07:18.814691,280,0.3684981684981685,0.0
2025-04-08 22:07:18.818182,281,0.36923076923076925,0.0
2025-04-08 22:07:18.821668,282,0.36923076923076925,0.0
2025-04-08 22:07:18.825155,283,0.36923076923076925,0.0
2025-04-08 22:07:18.828641,284,0.3706959706959707,0.0
2025-04-08 22:07:18.832294,285,0.3706959706959707,0.0
2025-04-08 22:07:18.835886,286,0.3706959706959707,0.0
2025-04-08 22:07:18.839402,287,0.3663003663003663,0.0
2025-04-08 22:07:18.842892,288,0.3663003663003663,0.0
2025-04-08 22:07:18.846384,289,0.3663003663003663,0.0
2025-04-08 22:07:18.849892,290,0.36336996336996336,0.0
2025-04-08 22:07:18.853404,291,0.36336996336996336,0.0
2025-04-08 22:07:18.856913,292,0.36336996336996336,0.0
2025-04-08 22:07:18.860700,293,0.3677655677655678,0.0
2025-04-08 22:07:18.864312,294,0.3677655677655678,0.0
2025-04-08 22:07:18.867820,295,0.3684981684981685,0.0
2025-04-08 22:07:18.871343,296,0.3684981684981685,0.0
2025-04-08 22:07:18.874848,297,0.3684981684981685,0.0
2025-04-08 22:07:18.878340,298,0.36996336996337,0.0
2025-04-08 22:07:18.881825,299,0.36996336996337,0.0
2025-04-08 22:07:18.885312,300,0.36996336996337,0.0
2025-04-08 22:07:18.888797,301,0.36996336996337,0.0
2025-04-08 22:07:18.892287,302,0.36996336996337,0.0
2025-04-08 22:07:18.895773,303,0.36996336996337,0.0
2025-04-08 22:07:18.899256,304,0.37216117216117217,0.0
2025-04-08 22:07:18.902767,305,0.37216117216117217,0.0
2025-04-08 22:07:18.906253,306,0.37216117216117217,0.0
2025-04-08 22:07:18.909738,307,0.3684981684981685,0.0
2025-04-08 22:07:18.913224,308,0.3684981684981685,0.0
2025-04-08 22:07:18.916719,309,0.3684981684981685,0.0
2025-04-08 22:07:18.920207,310,0.3684981684981685,0.0
2025-04-08 22:07:18.923691,311,0.3684981684981685,0.0
2025-04-08 22:07:18.927202,312,0.3684981684981685,0.0
2025-04-08 22:07:18.930688,313,0.3706959706959707,0.0
2025-04-08 22:07:18.934170,314,0.3706959706959707,0.0
2025-04-08 22:07:18.937652,315,0.3706959706959707,0.0
2025-04-08 22:07:18.941137,316,0.3663003663003663,0.0
2025-04-08 22:07:18.944620,317,0.3663003663003663,0.0
2025-04-08 22:07:18.948117,318,0.36923076923076925,0.0
2025-04-08 22:07:18.951715,319,0.36923076923076925,0.0
2025-04-08 22:07:18.955204,320,0.36923076923076925,0.0
2025-04-08 22:07:18.958692,321,0.36923076923076925,0.0
2025-04-08 22:07:18.962174,322,0.36923076923076925,0.0
2025-04-08 22:07:18.965663,323,0.36923076923076925,0.0
2025-04-08 22:07:18.969164,324,0.3706959706959707,0.0
2025-04-08 22:07:18.972658,325,0.3706959706959707,0.0
2025-04-08 22:07:18.976151,326,0.3706959706959707,0.0
2025-04-08 22:07:18.979629,327,0.36923076923076925,0.0
2025-04-08 22:07:18.983124,328,0.36923076923076925,0.0
2025-04-08 22:07:18.986614,329,0.36923076923076925,0.0
2025-04-08 22:07:18.990100,330,0.36923076923076925,0.0
2025-04-08 22:07:18.993586,331,0.36923076923076925,0.0
2025-04-08 22:07:18.997070,332,0.36923076923076925,0.0
2025-04-08 22:07:19.000553,333,0.3706959706959707,0.0
2025-04-08 22:07:19.004053,334,0.3706959706959707,0.0
2025-04-08 22:07:19.008355,335,0.3706959706959707,0.0
2025-04-08 22:07:19.012122,336,0.36996336996337,0.0
2025-04-08 22:07:19.015672,337,0.36996336996337,0.0
2025-04-08 22:07:19.019167,338,0.37142857142857144,0.0
2025-04-08 22:07:19.022656,339,0.37142857142857144,0.0
2025-04-08 22:07:19.026192,340,0.37142857142857144,0.0
2025-04-08 22:07:19.029696,341,0.3728937728937729,0.0
2025-04-08 22:07:19.033184,342,0.3728937728937729,0.0
2025-04-08 22:07:19.036715,343,0.3728937728937729,0.0
2025-04-08 22:07:19.040221,344,0.37216117216117217,0.0
2025-04-08 22:07:19.043713,345,0.37216117216117217,0.0
2025-04-08 22:07:19.047200,346,0.37216117216117217,0.0
2025-04-08 22:07:19.050686,347,0.3728937728937729,0.0
2025-04-08 22:07:19.054171,348,0.3728937728937729,0.0
2025-04-08 22:07:19.057654,349,0.3728937728937729,0.0
2025-04-08 22:07:19.061144,350,0.37216117216117217,0.0
2025-04-08 22:07:19.064633,351,0.37216117216117217,0.0
2025-04-08 22:07:19.068134,352,0.37216117216117217,0.0
2025-04-08 22:07:19.071623,353,0.37435897435897436,0.0
2025-04-08 22:07:19.075110,354,0.37435897435897436,0.0
2025-04-08 22:07:19.078593,355,0.37435897435897436,0.0
2025-04-08 22:07:19.082077,356,0.3728937728937729,0.0
2025-04-08 22:07:19.085576,357,0.3728937728937729,0.0
2025-04-08 22:07:19.089523,358,0.3728937728937729,0.0
2025-04-08 22:07:19.093099,359,0.3706959706959707,0.0
2025-04-08 22:07:19.096602,360,0.3706959706959707,0.0
2025-04-08 22:07:19.100095,361,0.3706959706959707,0.0
2025-04-08 22:07:19.103582,362,0.3706959706959707,0.0
2025-04-08 22:07:19.107090,363,0.3706959706959707,0.0
2025-04-08 22:07:19.110582,364,0.36996336996337,0.0
2025-04-08 22:07:19.114087,365,0.36996336996337,0.0
2025-04-08 22:07:19.117803,366,0.36996336996337,0.0
2025-04-08 22:07:19.121354,367,0.36996336996337,0.0
2025-04-08 22:07:19.124852,368,0.36996336996337,0.0
2025-04-08 22:07:19.128345,369,0.36996336996337,0.0
2025-04-08 22:07:19.131867,370,0.36996336996337,0.0
2025-04-08 22:07:19.135360,371,0.36996336996337,0.0
2025-04-08 22:07:19.138851,372,0.36996336996337,0.0
2025-04-08 22:07:19.142337,373,0.367032967032967,0.0
2025-04-08 22:07:19.145880,374,0.367032967032967,0.0
2025-04-08 22:07:19.149392,375,0.367032967032967,0.0
2025-04-08 22:07:19.152882,376,0.3677655677655678,0.0
2025-04-08 22:07:19.156390,377,0.3677655677655678,0.0
2025-04-08 22:07:19.159959,378,0.3677655677655678,0.0
2025-04-08 22:07:19.164110,379,0.37362637362637363,0.0
2025-04-08 22:07:19.167963,380,0.37362637362637363,0.0
2025-04-08 22:07:19.171801,381,0.3706959706959707,0.0
2025-04-08 22:07:19.175512,382,0.3706959706959707,0.0
2025-04-08 22:07:19.179197,383,0.3706959706959707,0.0
2025-04-08 22:07:19.182908,384,0.3663003663003663,0.0
2025-04-08 22:07:19.186589,385,0.3663003663003663,0.0
2025-04-08 22:07:19.190298,386,0.3663003663003663,0.0
2025-04-08 22:07:19.194355,387,0.36923076923076925,0.0
2025-04-08 22:07:19.198335,388,0.36923076923076925,0.0
2025-04-08 22:07:19.202277,389,0.3677655677655678,0.0
2025-04-08 22:07:19.206216,390,0.3677655677655678,0.0
2025-04-08 22:07:19.210187,391,0.3677655677655678,0.0
2025-04-08 22:07:19.214027,392,0.3706959706959707,0.0
2025-04-08 22:07:19.217754,393,0.3706959706959707,0.0
2025-04-08 22:07:19.221449,394,0.3684981684981685,0.0
2025-04-08 22:07:19.225153,395,0.3684981684981685,0.0
2025-04-08 22:07:19.228851,396,0.3684981684981685,0.0
2025-04-08 22:07:19.232561,397,0.36923076923076925,0.0
2025-04-08 22:07:19.236368,398,0.36923076923076925,0.0
2025-04-08 22:07:19.240145,399,0.36923076923076925,0.0
2025-04-08 22:07:19.243810,400,0.3750915750915751,0.0
2025-04-08 22:07:19.247458,401,0.3750915750915751,0.0
2025-04-08 22:07:19.251167,402,0.3750915750915751,0.0
2025-04-08 22:07:19.254863,403,0.3758241758241758,0.0
2025-04-08 22:07:19.258547,404,0.3758241758241758,0.0
2025-04-08 22:07:19.262365,405,0.37435897435897436,0.0
2025-04-08 22:07:19.265958,406,0.37435897435897436,0.0
2025-04-08 22:07:19.269462,407,0.37435897435897436,0.0
2025-04-08 22:07:19.272928,408,0.37142857142857144,0.0
2025-04-08 22:07:19.276420,409,0.37142857142857144,0.0
2025-04-08 22:07:19.279907,410,0.37142857142857144,0.0
2025-04-08 22:07:19.283412,411,0.37216117216117217,0.0
2025-04-08 22:07:19.286911,412,0.37216117216117217,0.0
2025-04-08 22:07:19.290397,413,0.37216117216117217,0.0
2025-04-08 22:07:19.293903,414,0.3728937728937729,0.0
2025-04-08 22:07:19.297401,415,0.3728937728937729,0.0
2025-04-08 22:07:19.300907,416,0.3728937728937729,0.0
2025-04-08 22:07:19.304394,417,0.37362637362637363,0.0
2025-04-08 22:07:19.307889,418,0.37362637362637363,0.0
2025-04-08 22:07:19.311374,419,0.37362637362637363,0.0
2025-04-08 22:07:19.314867,420,0.36556776556776555,0.0
2025-04-08 22:07:19.318431,421,0.36556776556776555,0.0
2025-04-08 22:07:19.321939,422,0.3706959706959707,0.0
2025-04-08 22:07:19.325426,423,0.3706959706959707,0.0
2025-04-08 22:07:19.328932,424,0.3706959706959707,0.0
2025-04-08 22:07:19.332423,425,0.36996336996337,0.0
2025-04-08 22:07:19.335950,426,0.36996336996337,0.0
2025-04-08 22:07:19.339437,427,0.36996336996337,0.0
2025-04-08 22:07:19.342923,428,0.3684981684981685,0.0
2025-04-08 22:07:19.346404,429,0.3684981684981685,0.0
2025-04-08 22:07:19.349891,430,0.3684981684981685,0.0
2025-04-08 22:07:19.353380,431,0.3684981684981685,0.0
2025-04-08 22:07:19.356866,432,0.3684981684981685,0.0
2025-04-08 22:07:19.360350,433,0.3684981684981685,0.0
2025-04-08 22:07:19.363833,434,0.37216117216117217,0.0
2025-04-08 22:07:19.367317,435,0.37216117216117217,0.0
2025-04-08 22:07:19.370796,436,0.37216117216117217,0.0
2025-04-08 22:07:19.374279,437,0.37142857142857144,0.0
2025-04-08 22:07:19.377761,438,0.37142857142857144,0.0
2025-04-08 22:07:19.381248,439,0.37142857142857144,0.0
2025-04-08 22:07:19.384731,440,0.36923076923076925,0.0
2025-04-08 22:07:19.388217,441,0.36923076923076925,0.0
2025-04-08 22:07:19.391699,442,0.36923076923076925,0.0
2025-04-08 22:07:19.395182,443,0.3648351648351648,0.0
2025-04-08 22:07:19.398663,444,0.3648351648351648,0.0
2025-04-08 22:07:19.402148,445,0.3648351648351648,0.0
2025-04-08 22:07:19.405632,446,0.36556776556776555,0.0
2025-04-08 22:07:19.409231,447,0.36556776556776555,0.0
2025-04-08 22:07:19.412743,448,0.3663003663003663,0.0
2025-04-08 22:07:19.416232,449,0.3663003663003663,0.0
2025-04-08 22:07:19.419716,450,0.3663003663003663,0.0
2025-04-08 22:07:19.423197,451,0.3684981684981685,0.0
2025-04-08 22:07:19.426698,452,0.3684981684981685,0.0
2025-04-08 22:07:19.430189,453,0.3684981684981685,0.0
2025-04-08 22:07:19.433675,454,0.36996336996337,0.0
2025-04-08 22:07:19.437224,455,0.36996336996337,0.0
2025-04-08 22:07:19.440742,456,0.36996336996337,0.0
2025-04-08 22:07:19.444235,457,0.36996336996337,0.0
2025-04-08 22:07:19.447718,458,0.36996336996337,0.0
2025-04-08 22:07:19.451206,459,0.36996336996337,0.0
2025-04-08 22:07:19.454698,460,0.36996336996337,0.0
2025-04-08 22:07:19.458185,461,0.36996336996337,0.0
2025-04-08 22:07:19.461669,462,0.36996336996337,0.0
2025-04-08 22:07:19.465154,463,0.36996336996337,0.0
2025-04-08 22:07:19.468636,464,0.36996336996337,0.0
2025-04-08 22:07:19.472119,465,0.36996336996337,0.0
2025-04-08 22:07:19.475624,466,0.36923076923076925,0.0
2025-04-08 22:07:19.479111,467,0.36923076923076925,0.0
2025-04-08 22:07:19.482592,468,0.36923076923076925,0.0
2025-04-08 22:07:19.486080,469,0.37142857142857144,0.0
2025-04-08 22:07:19.489565,470,0.37142857142857144,0.0
2025-04-08 22:07:19.493048,471,0.37142857142857144,0.0
2025-04-08 22:07:19.496534,472,0.38095238095238093,0.0
2025-04-08 22:07:19.500044,473,0.38095238095238093,0.0
2025-04-08 22:07:19.503531,474,0.36923076923076925,0.0
2025-04-08 22:07:19.507015,475,0.3677655677655678,0.0
2025-04-08 22:07:19.510499,476,0.3677655677655678,0.0
2025-04-08 22:07:19.513982,477,0.3641025641025641,0.0
2025-04-08 22:07:19.517465,478,0.3641025641025641,0.0
2025-04-08 22:07:19.520917,479,0.3641025641025641,0.0
2025-04-08 22:07:19.524404,480,0.367032967032967,0.0
2025-04-08 22:07:19.527888,481,0.367032967032967,0.0
2025-04-08 22:07:19.531372,482,0.367032967032967,0.0
2025-04-08 22:07:19.534856,483,0.3684981684981685,0.0
2025-04-08 22:07:19.538340,484,0.3684981684981685,0.0
2025-04-08 22:07:19.541831,485,0.3684981684981685,0.0
2025-04-08 22:07:19.545323,486,0.36996336996337,0.0
2025-04-08 22:07:19.548809,487,0.36996336996337,0.0
2025-04-08 22:07:19.552294,488,0.36996336996337,0.0
2025-04-08 22:07:19.555777,489,0.36923076923076925,0.0
2025-04-08 22:07:19.559261,490,0.36923076923076925,0.0
2025-04-08 22:07:19.562745,491,0.36923076923076925,0.0
2025-04-08 22:07:19.566227,492,0.36996336996337,0.0
2025-04-08 22:07:19.569713,493,0.36996336996337,0.0
2025-04-08 22:07:19.573200,494,0.36996336996337,0.0
2025-04-08 22:07:19.576682,495,0.37216117216117217,0.0
2025-04-08 22:07:19.580166,496,0.37216117216117217,0.0
2025-04-08 22:07:19.583649,497,0.37216117216117217,0.0
2025-04-08 22:07:19.587132,498,0.3750915750915751,0.0
2025-04-08 22:07:19.590613,499,0.3750915750915751,0.0
2025-04-08 22:07:19.594097,500,0.3750915750915751,0.0
2025-04-08 22:07:19.597582,501,0.378021978021978,0.0
2025-04-08 22:07:19.601066,502,0.378021978021978,0.0
2025-04-08 22:07:19.604549,503,0.378021978021978,0.0
2025-04-08 22:07:19.608047,504,0.37948717948717947,0.0
2025-04-08 22:07:19.611536,505,0.37948717948717947,0.0
2025-04-08 22:07:19.615017,506,0.3758241758241758,0.0
2025-04-08 22:07:19.618501,507,0.3758241758241758,0.0
2025-04-08 22:07:19.621984,508,0.3758241758241758,0.0
2025-04-08 22:07:19.625474,509,0.37362637362637363,0.0
2025-04-08 22:07:19.628962,510,0.37362637362637363,0.0
2025-04-08 22:07:19.632445,511,0.37362637362637363,0.0
2025-04-08 22:07:19.635981,512,0.3706959706959707,0.0
2025-04-08 22:07:19.639507,513,0.3706959706959707,0.0
2025-04-08 22:07:19.642995,514,0.3706959706959707,0.0
2025-04-08 22:07:19.646486,515,0.36996336996337,0.0
2025-04-08 22:07:19.649999,516,0.36996336996337,0.0
2025-04-08 22:07:19.653495,517,0.36996336996337,0.0
2025-04-08 22:07:19.656984,518,0.3706959706959707,0.0
2025-04-08 22:07:19.660469,519,0.3706959706959707,0.0
2025-04-08 22:07:19.663958,520,0.3706959706959707,0.0
2025-04-08 22:07:19.667449,521,0.36996336996337,0.0
2025-04-08 22:07:19.670935,522,0.36996336996337,0.0
2025-04-08 22:07:19.674423,523,0.36996336996337,0.0
2025-04-08 22:07:19.677910,524,0.37142857142857144,0.0
2025-04-08 22:07:19.681395,525,0.37142857142857144,0.0
2025-04-08 22:07:19.684878,526,0.37142857142857144,0.0
2025-04-08 22:07:19.688363,527,0.3758241758241758,0.0
2025-04-08 22:07:19.691853,528,0.3758241758241758,0.0
2025-04-08 22:07:19.695338,529,0.3641025641025641,0.0
2025-04-08 22:07:19.698823,530,0.37216117216117217,0.0
2025-04-08 22:07:19.702308,531,0.37216117216117217,0.0
2025-04-08 22:07:19.705791,532,0.37362637362637363,0.0
2025-04-08 22:07:19.709334,533,0.37362637362637363,0.0
2025-04-08 22:07:19.712833,534,0.37362637362637363,0.0
2025-04-08 22:07:19.716320,535,0.37216117216117217,0.0
2025-04-08 22:07:19.719804,536,0.37216117216117217,0.0
2025-04-08 22:07:19.723295,537,0.37216117216117217,0.0
2025-04-08 22:07:19.726781,538,0.3706959706959707,0.0
2025-04-08 22:07:19.730266,539,0.3706959706959707,0.0
2025-04-08 22:07:19.733770,540,0.3706959706959707,0.0
2025-04-08 22:07:19.737253,541,0.3684981684981685,0.0
2025-04-08 22:07:19.740741,542,0.3684981684981685,0.0
2025-04-08 22:07:19.744226,543,0.3684981684981685,0.0
2025-04-08 22:07:19.747709,544,0.36923076923076925,0.0
2025-04-08 22:07:19.751192,545,0.36923076923076925,0.0
2025-04-08 22:07:19.754675,546,0.36923076923076925,0.0
2025-04-08 22:07:19.758173,547,0.36996336996337,0.0
2025-04-08 22:07:19.761679,548,0.36996336996337,0.0
2025-04-08 22:07:19.765182,549,0.36996336996337,0.0
2025-04-08 22:07:19.768670,550,0.37142857142857144,0.0
2025-04-08 22:07:19.772153,551,0.37142857142857144,0.0
2025-04-08 22:07:19.775637,552,0.37142857142857144,0.0
2025-04-08 22:07:19.779119,553,0.3706959706959707,0.0
2025-04-08 22:07:19.782599,554,0.3706959706959707,0.0
2025-04-08 22:07:19.786283,555,0.3706959706959707,0.0
2025-04-08 22:07:19.789823,556,0.3641025641025641,0.0
2025-04-08 22:07:19.793353,557,0.3641025641025641,0.0
2025-04-08 22:07:19.796845,558,0.367032967032967,0.0
2025-04-08 22:07:19.800333,559,0.367032967032967,0.0
2025-04-08 22:07:19.803817,560,0.367032967032967,0.0
2025-04-08 22:07:19.807305,561,0.3677655677655678,0.0
2025-04-08 22:07:19.810794,562,0.3677655677655678,0.0
2025-04-08 22:07:19.814280,563,0.3677655677655678,0.0
2025-04-08 22:07:19.817765,564,0.36923076923076925,0.0
2025-04-08 22:07:19.821258,565,0.36923076923076925,0.0
2025-04-08 22:07:19.824746,566,0.36923076923076925,0.0
2025-04-08 22:07:19.828247,567,0.37216117216117217,0.0
2025-04-08 22:07:19.831731,568,0.37216117216117217,0.0
2025-04-08 22:07:19.835219,569,0.37216117216117217,0.0
2025-04-08 22:07:19.838779,570,0.37216117216117217,0.0
2025-04-08 22:07:19.842294,571,0.37216117216117217,0.0
2025-04-08 22:07:19.845789,572,0.37216117216117217,0.0
2025-04-08 22:07:19.849278,573,0.36996336996337,0.0
2025-04-08 22:07:19.852762,574,0.36996336996337,0.0
2025-04-08 22:07:19.856247,575,0.36996336996337,0.0
2025-04-08 22:07:19.859764,576,0.3648351648351648,0.0
2025-04-08 22:07:19.863470,577,0.3648351648351648,0.0
2025-04-08 22:07:19.867018,578,0.3648351648351648,0.0
2025-04-08 22:07:19.870853,579,0.3648351648351648,0.0
2025-04-08 22:07:19.874382,580,0.3648351648351648,0.0
2025-04-08 22:07:19.877873,581,0.36556776556776555,0.0
2025-04-08 22:07:19.881377,582,0.36556776556776555,0.0
2025-04-08 22:07:19.884869,583,0.36556776556776555,0.0
2025-04-08 22:07:19.888356,584,0.367032967032967,0.0
2025-04-08 22:07:19.891847,585,0.367032967032967,0.0
2025-04-08 22:07:19.895330,586,0.367032967032967,0.0
2025-04-08 22:07:19.898822,587,0.36923076923076925,0.0
2025-04-08 22:07:19.902305,588,0.36923076923076925,0.0
2025-04-08 22:07:19.905796,589,0.36923076923076925,0.0
2025-04-08 22:07:19.909284,590,0.3706959706959707,0.0
2025-04-08 22:07:19.912770,591,0.3706959706959707,0.0
2025-04-08 22:07:19.916260,592,0.3706959706959707,0.0
2025-04-08 22:07:19.919745,593,0.3684981684981685,0.0
2025-04-08 22:07:19.923228,594,0.3684981684981685,0.0
2025-04-08 22:07:19.926711,595,0.3684981684981685,0.0
2025-04-08 22:07:19.930198,596,0.37142857142857144,0.0
2025-04-08 22:07:19.933682,597,0.37142857142857144,0.0
2025-04-08 22:07:19.937167,598,0.37142857142857144,0.0
2025-04-08 22:07:19.940652,599,0.3684981684981685,0.0
2025-04-08 22:07:19.944162,600,0.3684981684981685,0.0
2025-04-08 22:07:19.947646,601,0.3684981684981685,0.0
2025-04-08 22:07:19.951127,602,0.3641025641025641,0.0
2025-04-08 22:07:19.954616,603,0.3641025641025641,0.0
2025-04-08 22:07:19.958101,604,0.3641025641025641,0.0
2025-04-08 22:07:19.961585,605,0.3648351648351648,0.0
2025-04-08 22:07:19.965069,606,0.3648351648351648,0.0
2025-04-08 22:07:19.968555,607,0.3663003663003663,0.0
2025-04-08 22:07:19.972058,608,0.3663003663003663,0.0
2025-04-08 22:07:19.975537,609,0.3663003663003663,0.0
2025-04-08 22:07:19.979023,610,0.367032967032967,0.0
2025-04-08 22:07:19.982507,611,0.367032967032967,0.0
2025-04-08 22:07:19.986008,612,0.367032967032967,0.0
2025-04-08 22:07:19.989496,613,0.3677655677655678,0.0
2025-04-08 22:07:19.992982,614,0.3677655677655678,0.0
2025-04-08 22:07:19.996479,615,0.3677655677655678,0.0
2025-04-08 22:07:19.999960,616,0.367032967032967,0.0
2025-04-08 22:07:20.003449,617,0.367032967032967,0.0
2025-04-08 22:07:20.006942,618,0.367032967032967,0.0
2025-04-08 22:07:20.010427,619,0.3684981684981685,0.0
2025-04-08 22:07:20.013910,620,0.3684981684981685,0.0
2025-04-08 22:07:20.017394,621,0.3684981684981685,0.0
2025-04-08 22:07:20.020878,622,0.36923076923076925,0.0
2025-04-08 22:07:20.024361,623,0.36923076923076925,0.0
2025-04-08 22:07:20.027845,624,0.36923076923076925,0.0
2025-04-08 22:07:20.031337,625,0.3663003663003663,0.0
2025-04-08 22:07:20.034823,626,0.3663003663003663,0.0
2025-04-08 22:07:20.038374,627,0.3663003663003663,0.0
2025-04-08 22:07:20.041879,628,0.37362637362637363,0.0
2025-04-08 22:07:20.045364,629,0.37362637362637363,0.0
2025-04-08 22:07:20.048854,630,0.37362637362637363,0.0
2025-04-08 22:07:20.052342,631,0.3706959706959707,0.0
2025-04-08 22:07:20.055827,632,0.3706959706959707,0.0
2025-04-08 22:07:20.059317,633,0.3706959706959707,0.0
2025-04-08 22:07:20.062803,634,0.37216117216117217,0.0
2025-04-08 22:07:20.066286,635,0.37216117216117217,0.0
2025-04-08 22:07:20.069768,636,0.37216117216117217,0.0
2025-04-08 22:07:20.073255,637,0.37216117216117217,0.0
2025-04-08 22:07:20.076738,638,0.37216117216117217,0.0
2025-04-08 22:07:20.080222,639,0.36996336996337,0.0
2025-04-08 22:07:20.083705,640,0.36996336996337,0.0
2025-04-08 22:07:20.087189,641,0.36996336996337,0.0
2025-04-08 22:07:20.090732,642,0.36996336996337,0.0
2025-04-08 22:07:20.094252,643,0.36996336996337,0.0
2025-04-08 22:07:20.097750,644,0.36996336996337,0.0
2025-04-08 22:07:20.101240,645,0.36996336996337,0.0
2025-04-08 22:07:20.104726,646,0.36996336996337,0.0
2025-04-08 22:07:20.108215,647,0.36996336996337,0.0
2025-04-08 22:07:20.111700,648,0.36996336996337,0.0
2025-04-08 22:07:20.115182,649,0.36996336996337,0.0
2025-04-08 22:07:20.118663,650,0.36996336996337,0.0
2025-04-08 22:07:20.122145,651,0.36996336996337,0.0
2025-04-08 22:07:20.125677,652,0.36996336996337,0.0
2025-04-08 22:07:20.129177,653,0.36996336996337,0.0
2025-04-08 22:07:20.132664,654,0.36996336996337,0.0
2025-04-08 22:07:20.136150,655,0.36996336996337,0.0
2025-04-08 22:07:20.139629,656,0.36996336996337,0.0
2025-04-08 22:07:20.143118,657,0.37655677655677655,0.0
2025-04-08 22:07:20.146608,658,0.37655677655677655,0.0
2025-04-08 22:07:20.150112,659,0.3648351648351648,0.0
2025-04-08 22:07:20.153630,660,0.3706959706959707,0.0
2025-04-08 22:07:20.157132,661,0.3706959706959707,0.0
2025-04-08 22:07:20.160626,662,0.37142857142857144,0.0
2025-04-08 22:07:20.164518,663,0.37142857142857144,0.0
2025-04-08 22:07:20.168095,664,0.37142857142857144,0.0
2025-04-08 22:07:20.171593,665,0.3706959706959707,0.0
2025-04-08 22:07:20.175080,666,0.3706959706959707,0.0
2025-04-08 22:07:20.178576,667,0.3706959706959707,0.0
2025-04-08 22:07:20.182065,668,0.36923076923076925,0.0
2025-04-08 22:07:20.185548,669,0.36923076923076925,0.0
2025-04-08 22:07:20.189058,670,0.36923076923076925,0.0
2025-04-08 22:07:20.192555,671,0.36996336996337,0.0
2025-04-08 22:07:20.196059,672,0.36996336996337,0.0
2025-04-08 22:07:20.199547,673,0.36996336996337,0.0
2025-04-08 22:07:20.203029,674,0.37216117216117217,0.0
2025-04-08 22:07:20.206516,675,0.37216117216117217,0.0
2025-04-08 22:07:20.210049,676,0.37216117216117217,0.0
2025-04-08 22:07:20.213555,677,0.37142857142857144,0.0
2025-04-08 22:07:20.217049,678,0.37142857142857144,0.0
2025-04-08 22:07:20.220538,679,0.37142857142857144,0.0
2025-04-08 22:07:20.224047,680,0.3677655677655678,0.0
2025-04-08 22:07:20.227534,681,0.3677655677655678,0.0
2025-04-08 22:07:20.231018,682,0.3677655677655678,0.0
2025-04-08 22:07:20.234502,683,0.3648351648351648,0.0
2025-04-08 22:07:20.238053,684,0.3648351648351648,0.0
2025-04-08 22:07:20.241575,685,0.367032967032967,0.0
2025-04-08 22:07:20.245088,686,0.367032967032967,0.0
2025-04-08 22:07:20.248616,687,0.367032967032967,0.0
2025-04-08 22:07:20.252117,688,0.3706959706959707,0.0
2025-04-08 22:07:20.255608,689,0.3706959706959707,0.0
2025-04-08 22:07:20.259098,690,0.3706959706959707,0.0
2025-04-08 22:07:20.262583,691,0.3706959706959707,0.0
2025-04-08 22:07:20.266072,692,0.3706959706959707,0.0
2025-04-08 22:07:20.269562,693,0.3706959706959707,0.0
2025-04-08 22:07:20.273052,694,0.3706959706959707,0.0
2025-04-08 22:07:20.276540,695,0.3706959706959707,0.0
2025-04-08 22:07:20.280043,696,0.3706959706959707,0.0
2025-04-08 22:07:20.283537,697,0.36923076923076925,0.0
2025-04-08 22:07:20.287019,698,0.36923076923076925,0.0
2025-04-08 22:07:20.290506,699,0.36923076923076925,0.0
2025-04-08 22:07:20.293992,700,0.3684981684981685,0.0
2025-04-08 22:07:20.297478,701,0.3684981684981685,0.0
2025-04-08 22:07:20.300962,702,0.3684981684981685,0.0
2025-04-08 22:07:20.304447,703,0.367032967032967,0.0
2025-04-08 22:07:20.307939,704,0.367032967032967,0.0
2025-04-08 22:07:20.311418,705,0.367032967032967,0.0
2025-04-08 22:07:20.314900,706,0.3684981684981685,0.0
2025-04-08 22:07:20.318409,707,0.3684981684981685,0.0
2025-04-08 22:07:20.321914,708,0.3684981684981685,0.0
2025-04-08 22:07:20.325402,709,0.3677655677655678,0.0
2025-04-08 22:07:20.328904,710,0.3677655677655678,0.0
2025-04-08 22:07:20.332388,711,0.3684981684981685,0.0
2025-04-08 22:07:20.335869,712,0.3684981684981685,0.0
2025-04-08 22:07:20.339362,713,0.3684981684981685,0.0
2025-04-08 22:07:20.342848,714,0.3684981684981685,0.0
2025-04-08 22:07:20.346328,715,0.3684981684981685,0.0
2025-04-08 22:07:20.349827,716,0.3684981684981685,0.0
2025-04-08 22:07:20.353319,717,0.36996336996337,0.0
2025-04-08 22:07:20.356801,718,0.36996336996337,0.0
2025-04-08 22:07:20.360287,719,0.36996336996337,0.0
2025-04-08 22:07:20.363787,720,0.36996336996337,0.0
2025-04-08 22:07:20.367272,721,0.36996336996337,0.0
2025-04-08 22:07:20.370758,722,0.36996336996337,0.0
2025-04-08 22:07:20.374241,723,0.36996336996337,0.0
2025-04-08 22:07:20.377724,724,0.36996336996337,0.0
2025-04-08 22:07:20.381205,725,0.36996336996337,0.0
2025-04-08 22:07:20.384690,726,0.36996336996337,0.0
2025-04-08 22:07:20.388178,727,0.36996336996337,0.0
2025-04-08 22:07:20.391694,728,0.36996336996337,0.0
2025-04-08 22:07:20.395248,729,0.36996336996337,0.0
2025-04-08 22:07:20.398742,730,0.36996336996337,0.0
2025-04-08 22:07:20.402228,731,0.36996336996337,0.0
2025-04-08 22:07:20.405711,732,0.37435897435897436,0.0
2025-04-08 22:07:20.409200,733,0.37435897435897436,0.0
2025-04-08 22:07:20.412714,734,0.37435897435897436,0.0
2025-04-08 22:07:20.416208,735,0.37435897435897436,0.0
2025-04-08 22:07:20.419701,736,0.37435897435897436,0.0
2025-04-08 22:07:20.423187,737,0.37216117216117217,0.0
2025-04-08 22:07:20.426694,738,0.37216117216117217,0.0
2025-04-08 22:07:20.430183,739,0.37216117216117217,0.0
2025-04-08 22:07:20.433688,740,0.37142857142857144,0.0
2025-04-08 22:07:20.437232,741,0.37142857142857144,0.0
2025-04-08 22:07:20.440735,742,0.37142857142857144,0.0
2025-04-08 22:07:20.444227,743,0.3706959706959707,0.0
2025-04-08 22:07:20.447713,744,0.3706959706959707,0.0
2025-04-08 22:07:20.451198,745,0.3706959706959707,0.0
2025-04-08 22:07:20.454677,746,0.36996336996337,0.0
2025-04-08 22:07:20.458165,747,0.36996336996337,0.0
2025-04-08 22:07:20.461650,748,0.36996336996337,0.0
2025-04-08 22:07:20.465135,749,0.36923076923076925,0.0
2025-04-08 22:07:20.468619,750,0.36923076923076925,0.0
2025-04-08 22:07:20.472103,751,0.36923076923076925,0.0
2025-04-08 22:07:20.475584,752,0.3706959706959707,0.0
2025-04-08 22:07:20.479064,753,0.3706959706959707,0.0
2025-04-08 22:07:20.482549,754,0.3706959706959707,0.0
2025-04-08 22:07:20.486033,755,0.36996336996337,0.0
2025-04-08 22:07:20.489528,756,0.36996336996337,0.0
2025-04-08 22:07:20.493022,757,0.36996336996337,0.0
2025-04-08 22:07:20.496508,758,0.36117216117216117,0.0
2025-04-08 22:07:20.500025,759,0.36117216117216117,0.0
2025-04-08 22:07:20.503520,760,0.3728937728937729,0.0
2025-04-08 22:07:20.507004,761,0.3663003663003663,0.0
2025-04-08 22:07:20.510492,762,0.3663003663003663,0.0
2025-04-08 22:07:20.513984,763,0.3663003663003663,0.0
2025-04-08 22:07:20.517469,764,0.3684981684981685,0.0
2025-04-08 22:07:20.520955,765,0.3684981684981685,0.0
2025-04-08 22:07:20.524437,766,0.36923076923076925,0.0
2025-04-08 22:07:20.527918,767,0.36923076923076925,0.0
2025-04-08 22:07:20.531407,768,0.36923076923076925,0.0
2025-04-08 22:07:20.534894,769,0.36923076923076925,0.0
2025-04-08 22:07:20.538379,770,0.36923076923076925,0.0
2025-04-08 22:07:20.541886,771,0.36923076923076925,0.0
2025-04-08 22:07:20.545380,772,0.3677655677655678,0.0
2025-04-08 22:07:20.548864,773,0.3677655677655678,0.0
2025-04-08 22:07:20.552348,774,0.3677655677655678,0.0
2025-04-08 22:07:20.555840,775,0.3677655677655678,0.0
2025-04-08 22:07:20.559324,776,0.3677655677655678,0.0
2025-04-08 22:07:20.562808,777,0.3677655677655678,0.0
2025-04-08 22:07:20.566291,778,0.36923076923076925,0.0
2025-04-08 22:07:20.569775,779,0.36923076923076925,0.0
2025-04-08 22:07:20.573257,780,0.36923076923076925,0.0
2025-04-08 22:07:20.576743,781,0.3684981684981685,0.0
2025-04-08 22:07:20.580235,782,0.3684981684981685,0.0
2025-04-08 22:07:20.583734,783,0.3684981684981685,0.0
2025-04-08 22:07:20.587218,784,0.3663003663003663,0.0
2025-04-08 22:07:20.590701,785,0.3663003663003663,0.0
2025-04-08 22:07:20.594184,786,0.3663003663003663,0.0
2025-04-08 22:07:20.597666,787,0.37435897435897436,0.0
2025-04-08 22:07:20.601152,788,0.37435897435897436,0.0
2025-04-08 22:07:20.604641,789,0.37435897435897436,0.0
2025-04-08 22:07:20.608126,790,0.36923076923076925,0.0
2025-04-08 22:07:20.611608,791,0.36923076923076925,0.0
2025-04-08 22:07:20.615091,792,0.3706959706959707,0.0
2025-04-08 22:07:20.618572,793,0.3706959706959707,0.0
2025-04-08 22:07:20.622053,794,0.3706959706959707,0.0
2025-04-08 22:07:20.625539,795,0.37142857142857144,0.0
2025-04-08 22:07:20.629023,796,0.37142857142857144,0.0
2025-04-08 22:07:20.632505,797,0.37142857142857144,0.0
2025-04-08 22:07:20.636062,798,0.37216117216117217,0.0
2025-04-08 22:07:20.639569,799,0.37216117216117217,0.0
